Workbook

Sheet Matriz Criterios
A1: MATRIZ DE SELECCIÓN DE CRITERIOS DE EVALUACIÓN POR TAREA — SOSTENIBILIDAD (1º DAW / DAM)
A2: Marca con una 'X' en la casilla correspondiente para activar los criterios evaluados en cada tarea. Las filas 41 y 42 se calculan automáticamente.
A4: CRITERIOS OFICIALES DE EVALUACIÓN (RD 659/2023 ANEXO VIII & DECRETO 104/2024) | H4: 1er TRIMESTRE (T1) — ASG & RETOS | L4: 2º TRIMESTRE (T2) — CIRCULAR & GREEN IT | P4: 3er TRIMESTRE (T3) — PLAN & REPORTE | T4: Pond. CE Oficial
A5: RA | B5: Peso RA | C5: Código CE | D5: Descripción Oficial del Criterio de Evaluación | E5: UDs | F5: Total Tareas | G5: Estado Cobertura | H5: T01 Fundamentos ASG | I5: T02 Retos Sector TIC | J5: T03 Proyecto Mapa ASG | K5: T04 Debate & Actitud T1 | L5: T05 Economía Circular | M5: T06 Green IT & Huella | N5: T07 Proyecto Ecodiseño | O5: T08 Rigor & Actitud T2 | P5: T09 Estándares GRI | Q5: T10 KPIs Sostenibilidad | R5: T11 Plan Sostenibilidad | S5: T12 Vinculación Dual T3
A6: RA1 | B6: 0.18 | C6: CE1.a | D6: Se ha descrito el concepto de sostenibilidad y los marcos internacionales. | E6: UD01 | F6: =COUNTIF(H6:S6, "X") | G6: =IF(F6>0, "EVALUADO", "SIN EVALUAR") | H6: X | J6: X | T6: 0.03
A7: RA1 | B7: 0.18 | C7: CE1.b | D7: Se han identificado los asuntos ASG en las organizaciones TIC. | E7: UD02 | F7: =COUNTIF(H7:S7, "X") | G7: =IF(F7>0, "EVALUADO", "SIN EVALUAR") | H7: X | J7: X | K7: X | T7: 0.03
A8: RA1 | B8: 0.18 | C8: CE1.c | D8: Se han relacionado los ODS con la Agenda 2030 en el sector tecnológico. | E8: UD01 | F8: =COUNTIF(H8:S8, "X") | G8: =IF(F8>0, "EVALUADO", "SIN EVALUAR") | H8: X | J8: X | T8: 0.03
A9: RA1 | B9: 0.18 | C9: CE1.d | D9: Se ha analizado la relevancia de los ASG para los grupos de interés (riesgos/oportunidades). | E9: UD02 | F9: =COUNTIF(H9:S9, "X") | G9: =IF(F9>0, "EVALUADO", "SIN EVALUAR") | J9: X | R9: X | T9: 0.03
A10: RA1 | B10: 0.18 | C10: CE1.e | D10: Se han identificado estándares de métricas e información (ISO, GRI, SASB, CSRD). | E10: UD03 | F10: =COUNTIF(H10:S10, "X") | G10: =IF(F10>0, "EVALUADO", "SIN EVALUAR") | H10: X | J10: X | P10: X | T10: 0.03
A11: RA1 | B11: 0.18 | C11: CE1.f | D11: Se ha descrito la inversión socialmente responsable (ISR) y las agencias ESG. | E11: UD03 | F11: =COUNTIF(H11:S11, "X") | G11: =IF(F11>0, "EVALUADO", "SIN EVALUAR") | H11: X | J11: X | T11: 0.03
A12: RA2 | B12: 0.15 | C12: CE2.a | D12: Se han identificado los principales retos ambientales y sociales del sector TIC. | E12: UD04 | F12: =COUNTIF(H12:S12, "X") | G12: =IF(F12>0, "EVALUADO", "SIN EVALUAR") | I12: X | J12: X | T12: 0.03
A13: RA2 | B13: 0.15 | C13: CE2.b | D13: Se han relacionado los retos con la actividad económica y digital. | E13: UD04 | F13: =COUNTIF(H13:S13, "X") | G13: =IF(F13>0, "EVALUADO", "SIN EVALUAR") | I13: X | J13: X | T13: 0.03
A14: RA2 | B14: 0.15 | C14: CE2.c | D14: Se ha analizado el impacto ambiental y social sobre personas y sectores productivos. | E14: UD04 | F14: =COUNTIF(H14:S14, "X") | G14: =IF(F14>0, "EVALUADO", "SIN EVALUAR") | I14: X | J14: X | T14: 0.03
A15: RA2 | B15: 0.15 | C15: CE2.d | D15: Se han identificado medidas y acciones para minimizar impactos. | E15: UD04 | F15: =COUNTIF(H15:S15, "X") | G15: =IF(F15>0, "EVALUADO", "SIN EVALUAR") | I15: X | J15: X | R15: X | T15: 0.03
A16: RA2 | B16: 0.15 | C16: CE2.e | D16: Se ha analizado la importancia de alianzas transversales (ODS 17). | E16: UD01, UD04 | F16: =COUNTIF(H16:S16, "X") | G16: =IF(F16>0, "EVALUADO", "SIN EVALUAR") | J16: X | K16: X | R16: X | T16: 0.03
A17: RA3 | B17: 0.09 | C17: CE3.a | D17: Se han identificado los ODS más relevantes para la actividad profesional TIC. | E17: UD01, UD04 | F17: =COUNTIF(H17:S17, "X") | G17: =IF(F17>0, "EVALUADO", "SIN EVALUAR") | I17: X | J17: X | T17: 0.03
A18: RA3 | B18: 0.09 | C18: CE3.b | D18: Se han analizado los riesgos y oportunidades de los ODS en informática. | E18: UD04 | F18: =COUNTIF(H18:S18, "X") | G18: =IF(F18>0, "EVALUADO", "SIN EVALUAR") | I18: X | J18: X | T18: 0.03
A19: RA3 | B19: 0.09 | C19: CE3.c | D19: Se han identificado acciones prácticas para retos ambientales/sociales personal y laboral. | E19: UD04, UD06 | F19: =COUNTIF(H19:S19, "X") | G19: =IF(F19>0, "EVALUADO", "SIN EVALUAR") | J19: X | K19: X | M19: X | S19: X | T19: 0.03
A20: RA4 | B20: 0.18 | C20: CE4.a | D20: Se ha caracterizado el modelo de producción y consumo lineal frente al circular. | E20: UD05 | F20: =COUNTIF(H20:S20, "X") | G20: =IF(F20>0, "EVALUADO", "SIN EVALUAR") | L20: X | N20: X | T20: 0.03
A21: RA4 | B21: 0.18 | C21: CE4.b | D21: Se han identificado los principios de la economía verde y circular. | E21: UD05 | F21: =COUNTIF(H21:S21, "X") | G21: =IF(F21>0, "EVALUADO", "SIN EVALUAR") | L21: X | N21: X | T21: 0.03
A22: RA4 | B22: 0.18 | C22: CE4.c | D22: Se han contrastado los beneficios de la economía circular frente al modelo clásico. | E22: UD05 | F22: =COUNTIF(H22:S22, "X") | G22: =IF(F22>0, "EVALUADO", "SIN EVALUAR") | L22: X | N22: X | T22: 0.03
A23: RA4 | B23: 0.18 | C23: CE4.d | D23: Se han aplicado principios de ecodiseño (hardware y software). | E23: UD05, UD06 | F23: =COUNTIF(H23:S23, "X") | G23: =IF(F23>0, "EVALUADO", "SIN EVALUAR") | L23: X | N23: X | O23: X | T23: 0.03
A24: RA4 | B24: 0.18 | C24: CE4.e | D24: Se ha analizado el ciclo de vida del producto TIC (LCA/ACV). | E24: UD05 | F24: =COUNTIF(H24:S24, "X") | G24: =IF(F24>0, "EVALUADO", "SIN EVALUAR") | N24: X | R24: X | T24: 0.03
A25: RA4 | B25: 0.18 | C25: CE4.f | D25: Se han identificado procesos productivos y criterios de sostenibilidad aplicados. | E25: UD05, UD06 | F25: =COUNTIF(H25:S25, "X") | G25: =IF(F25>0, "EVALUADO", "SIN EVALUAR") | N25: X | R25: X | T25: 0.03
A26: RA5 | B26: 0.18 | C26: CE5.a | D26: Se ha caracterizado el modelo de consumo actual. | E26: UD05 | F26: =COUNTIF(H26:S26, "X") | G26: =IF(F26>0, "EVALUADO", "SIN EVALUAR") | L26: X | T26: 0.02
A27: RA5 | B27: 0.18 | C27: CE5.b | D27: Se han identificado principios de economía verde/circular. | E27: UD05 | F27: =COUNTIF(H27:S27, "X") | G27: =IF(F27>0, "EVALUADO", "SIN EVALUAR") | L27: X | T27: 0.02
A28: RA5 | B28: 0.18 | C28: CE5.c | D28: Se han contrastado los beneficios del modelo circular. | E28: UD05 | F28: =COUNTIF(H28:S28, "X") | G28: =IF(F28>0, "EVALUADO", "SIN EVALUAR") | L28: X | M28: X | T28: 0.02
A29: RA5 | B29: 0.18 | C29: CE5.d | D29: Se ha evaluado el impacto de actividades personales y profesionales (huella digital). | E29: UD06 | F29: =COUNTIF(H29:S29, "X") | G29: =IF(F29>0, "EVALUADO", "SIN EVALUAR") | M29: X | N29: X | O29: X | T29: 0.02
A30: RA5 | B30: 0.18 | C30: CE5.e | D30: Se han aplicado principios de ecodiseño. | E30: UD05, UD06 | F30: =COUNTIF(H30:S30, "X") | G30: =IF(F30>0, "EVALUADO", "SIN EVALUAR") | N30: X | T30: 0.02
A31: RA5 | B31: 0.18 | C31: CE5.f | D31: Se han aplicado estrategias sostenibles (Green IT, cloud verde, eficiencia energética). | E31: UD06 | F31: =COUNTIF(H31:S31, "X") | G31: =IF(F31>0, "EVALUADO", "SIN EVALUAR") | M31: X | N31: X | R31: X | S31: X | T31: 0.02
A32: RA5 | B32: 0.18 | C32: CE5.g | D32: Se ha analizado el ciclo de vida. | E32: UD05 | F32: =COUNTIF(H32:S32, "X") | G32: =IF(F32>0, "EVALUADO", "SIN EVALUAR") | M32: X | N32: X | T32: 0.02
A33: RA5 | B33: 0.18 | C33: CE5.h | D33: Se han identificado procesos productivos sostenibles. | E33: UD06 | F33: =COUNTIF(H33:S33, "X") | G33: =IF(F33>0, "EVALUADO", "SIN EVALUAR") | N33: X | R33: X | T33: 0.02
A34: RA5 | B34: 0.18 | C34: CE5.i | D34: Se ha aplicado la normativa ambiental (RAEE, Ley 7/2022, LECA, ESPR). | E34: UD06 | F34: =COUNTIF(H34:S34, "X") | G34: =IF(F34>0, "EVALUADO", "SIN EVALUAR") | L34: X | M34: X | N34: X | T34: 0.02
A35: RA6 | B35: 0.22 | C35: CE6.a | D35: Se han identificado los principales grupos de interés de la empresa TIC (stakeholders). | E35: UD07, UD09 | F35: =COUNTIF(H35:S35, "X") | G35: =IF(F35>0, "EVALUADO", "SIN EVALUAR") | P35: X | R35: X | S35: X | T35: 0.044
A36: RA6 | B36: 0.22 | C36: CE6.b | D36: Se han analizado los aspectos ASG materiales y la matriz de doble materialidad. | E36: UD07 | F36: =COUNTIF(H36:S36, "X") | G36: =IF(F36>0, "EVALUADO", "SIN EVALUAR") | P36: X | R36: X | T36: 0.044
A37: RA6 | B37: 0.22 | C37: CE6.c | D37: Se han definido acciones de mitigación de impactos negativos y oportunidades. | E37: UD07 | F37: =COUNTIF(H37:S37, "X") | G37: =IF(F37>0, "EVALUADO", "SIN EVALUAR") | Q37: X | R37: X | S37: X | T37: 0.044
A38: RA6 | B38: 0.22 | C38: CE6.d | D38: Se han determinado métricas e indicadores de desempeño (GRI, ESRS, PUE, SCI). | E38: UD07, UD08 | F38: =COUNTIF(H38:S38, "X") | G38: =IF(F38>0, "EVALUADO", "SIN EVALUAR") | Q38: X | R38: X | T38: 0.044
A39: RA6 | B39: 0.22 | C39: CE6.e | D39: Se ha elaborado un informe formal de sostenibilidad con el plan propuesto. | E39: UD07, UD08 | F39: =COUNTIF(H39:S39, "X") | G39: =IF(F39>0, "EVALUADO", "SIN EVALUAR") | R39: X | T39: 0.044
A40: TOTAL CRITERIOS EVALUADOS POR ESTA TAREA | H40: =COUNTIF(H$6:H$39, "X") | I40: =COUNTIF(I$6:I$39, "X") | J40: =COUNTIF(J$6:J$39, "X") | K40: =COUNTIF(K$6:K$39, "X") | L40: =COUNTIF(L$6:L$39, "X") | M40: =COUNTIF(M$6:M$39, "X") | N40: =COUNTIF(N$6:N$39, "X") | O40: =COUNTIF(O$6:O$39, "X") | ... S40: =COUNTIF(S$6:S$39, "X") | T40: 100.0%
A41: SUMA DE CRITERIOS EVALUADOS EN ESTA TAREA (Suma Directa con 'X') | H41: =SUMIF(H$6:H$39, "X", $T$6:$T$39) | I41: =SUMIF(I$6:I$39, "X", $T$6:$T$39) | J41: =SUMIF(J$6:J$39, "X", $T$6:$T$39) | K41: =SUMIF(K$6:K$39, "X", $T$6:$T$39) | L41: =SUMIF(L$6:L$39, "X", $T$6:$T$39) | M41: =SUMIF(M$6:M$39, "X", $T$6:$T$39) | N41: =SUMIF(N$6:N$39, "X", $T$6:$T$39) | O41: =SUMIF(O$6:O$39, "X", $T$6:$T$39) | ... S41: =SUMIF(S$6:S$39, "X", $T$6:$T$39) | T41: =SUM(H41:S41)
A42: % PONDERACIÓN EN EL TRIMESTRE (Normalizado a 100% para boletín de notas) | H42: =IF(SUM($H$41:$K$41)=0, 0, H$41 / SUM($H$41:$K$41)) | I42: =IF(SUM($H$41:$K$41)=0, 0, I$41 / SUM($H$41:$K$41)) | J42: =IF(SUM($H$41:$K$41)=0, 0, J$41 / SUM($H$41:$K$41)) | K42: =IF(SUM($H$41:$K$41)=0, 0, K$41 / SUM($H$41:$K$41)) | L42: =IF(SUM($L$41:$O$41)=0, 0, L$41 / SUM($L$41:$O$41)) | M42: =IF(SUM($L$41:$O$41)=0, 0, M$41 / SUM($L$41:$O$41)) | N42: =IF(SUM($L$41:$O$41)=0, 0, N$41 / SUM($L$41:$O$41)) | O42: =IF(SUM($L$41:$O$41)=0, 0, O$41 / SUM($L$41:$O$41)) | P42: =IF(SUM($P$41:$S$41)=0, 0, P$41 / SUM($P$41:$S$41)) | Q42: =IF(SUM($P$41:$S$41)=0, 0, Q$41 / SUM($P$41:$S$41)) | R42: =IF(SUM($P$41:$S$41)=0, 0, R$41 / SUM($P$41:$S$41)) | S42: =IF(SUM($P$41:$S$41)=0, 0, S$41 / SUM($P$41:$S$41)) | T42: 100% T1/T2/T3

Sheet Registro Notas
A1: REGISTRO DE CALIFICACIONES POR TAREA — SOSTENIBILIDAD (1º DAW / DAM)
A2: Introduce las notas obtenidas (0 a 10). Las columnas trimestrales y finales calculan los resultados con los pesos derivados dinámicamente de 'Matriz Criterios'.
A4: DATOS DEL ALUMNADO | D4: 1er TRIMESTRE (T1) | H4: 2º TRIMESTRE (T2) | L4: 3er TRIMESTRE (T3) | P4: CALIFICACIONES TRIMESTRALES Y MEDIA
A5: Nº | B5: Apellidos, Nombre | C5: Grupo | D5: T01 Fundam. ASG | E5: T02 Retos TIC | F5: T03 Proy. Mapa | G5: T04 Debate T1 | H5: T05 Circularidad | I5: T06 Green IT | J5: T07 Proy. Ecodiseño | K5: T08 Rigor T2 | L5: T09 Reporte GRI | M5: T10 KPIs PUE | N5: T11 Plan CSRD | O5: T12 Dual & Ética | P5: 1º TRIMESTRE (100% T1) | Q5: 2º TRIMESTRE (100% T2) | R5: 3er TRIMESTRE (100% T3) | S5: MEDIA CONTINUA (Trimestres)
A6: 1 | B6: Álvarez Gómez, Laura | C6: 1º DAW/M | D6: 8.5 | E6: 9 | F6: 8.5 | G6: 9 | H6: 8.5 | I6: 9 | J6: 8.5 | K6: 9.5 | L6: 9 | M6: 8.5 | N6: 9 | O6: 9.5 | P6: =D6*'Matriz Criterios'!H$42 + E6*'Matriz Criterios'!I$42 + F6*'Matriz Criterios'!J$42 + G6*'Matriz Criterios'!K$42 | Q6: =H6*'Matriz Criterios'!L$42 + I6*'Matriz Criterios'!M$42 + J6*'Matriz Criterios'!N$42 + K6*'Matriz Criterios'!O$42 | R6: =L6*'Matriz Criterios'!P$42 + M6*'Matriz Criterios'!Q$42 + N6*'Matriz Criterios'!R$42 + O6*'Matriz Criterios'!S$42 | S6: =AVERAGE(P6, Q6, R6)
A7: 2 | B7: Benítez Romero, Carlos | C7: 1º DAW/M | D7: 6 | E7: 6.5 | F7: 6 | G7: 7 | H7: 6.5 | I7: 6 | J7: 6.5 | K7: 7 | L7: 6 | M7: 6.5 | N7: 6 | O7: 7 | P7: =D7*'Matriz Criterios'!H$42 + E7*'Matriz Criterios'!I$42 + F7*'Matriz Criterios'!J$42 + G7*'Matriz Criterios'!K$42 | Q7: =H7*'Matriz Criterios'!L$42 + I7*'Matriz Criterios'!M$42 + J7*'Matriz Criterios'!N$42 + K7*'Matriz Criterios'!O$42 | R7: =L7*'Matriz Criterios'!P$42 + M7*'Matriz Criterios'!Q$42 + N7*'Matriz Criterios'!R$42 + O7*'Matriz Criterios'!S$42 | S7: =AVERAGE(P7, Q7, R7)
A8: 3 | B8: Castillo Morales, Elena | C8: 1º DAW/M | D8: 9.5 | E8: 9.5 | F8: 10 | G8: 10 | H8: 10 | I8: 9.5 | J8: 10 | K8: 10 | L8: 9.5 | M8: 10 | N8: 10 | O8: 10 | P8: =D8*'Matriz Criterios'!H$42 + E8*'Matriz Criterios'!I$42 + F8*'Matriz Criterios'!J$42 + G8*'Matriz Criterios'!K$42 | Q8: =H8*'Matriz Criterios'!L$42 + I8*'Matriz Criterios'!M$42 + J8*'Matriz Criterios'!N$42 + K8*'Matriz Criterios'!O$42 | R8: =L8*'Matriz Criterios'!P$42 + M8*'Matriz Criterios'!Q$42 + N8*'Matriz Criterios'!R$42 + O8*'Matriz Criterios'!S$42 | S8: =AVERAGE(P8, Q8, R8)
A9: 4 | B9: Delgado Santos, Alejandro | C9: 1º DAW/M | D9: 4.5 | E9: 5 | F9: 4.5 | G9: 6 | H9: 5 | I9: 4.5 | J9: 4.5 | K9: 5.5 | L9: 5 | M9: 4.5 | N9: 4 | O9: 5 | P9: =D9*'Matriz Criterios'!H$42 + E9*'Matriz Criterios'!I$42 + F9*'Matriz Criterios'!J$42 + G9*'Matriz Criterios'!K$42 | Q9: =H9*'Matriz Criterios'!L$42 + I9*'Matriz Criterios'!M$42 + J9*'Matriz Criterios'!N$42 + K9*'Matriz Criterios'!O$42 | R9: =L9*'Matriz Criterios'!P$42 + M9*'Matriz Criterios'!Q$42 + N9*'Matriz Criterios'!R$42 + O9*'Matriz Criterios'!S$42 | S9: =AVERAGE(P9, Q9, R9)
A10: 5 | B10: Fernández Navarro, Lucía | C10: 1º DAW/M | D10: 7.5 | E10: 8 | F10: 7.5 | G10: 8.5 | H10: 7.5 | I10: 8 | J10: 7.5 | K10: 8.5 | L10: 8 | M10: 7.5 | N10: 8 | O10: 8.5 | P10: =D10*'Matriz Criterios'!H$42 + E10*'Matriz Criterios'!I$42 + F10*'Matriz Criterios'!J$42 + G10*'Matriz Criterios'!K$42 | Q10: =H10*'Matriz Criterios'!L$42 + I10*'Matriz Criterios'!M$42 + J10*'Matriz Criterios'!N$42 + K10*'Matriz Criterios'!O$42 | R10: =L10*'Matriz Criterios'!P$42 + M10*'Matriz Criterios'!Q$42 + N10*'Matriz Criterios'!R$42 + O10*'Matriz Criterios'!S$42 | S10: =AVERAGE(P10, Q10, R10)
A11: 6 | B11: García Serrano, David | C11: 1º DAW/M | D11: 8 | E11: 8.5 | F11: 8 | G11: 8.5 | H11: 8 | I11: 8.5 | J11: 8 | K11: 8.5 | L11: 8.5 | M11: 8 | N11: 8.5 | O11: 8.5 | P11: =D11*'Matriz Criterios'!H$42 + E11*'Matriz Criterios'!I$42 + F11*'Matriz Criterios'!J$42 + G11*'Matriz Criterios'!K$42 | Q11: =H11*'Matriz Criterios'!L$42 + I11*'Matriz Criterios'!M$42 + J11*'Matriz Criterios'!N$42 + K11*'Matriz Criterios'!O$42 | R11: =L11*'Matriz Criterios'!P$42 + M11*'Matriz Criterios'!Q$42 + N11*'Matriz Criterios'!R$42 + O11*'Matriz Criterios'!S$42 | S11: =AVERAGE(P11, Q11, R11)
A12: 7 | B12: Herrera Cruz, Marta | C12: 1º DAW/M | D12: 9 | E12: 9 | F12: 9.5 | G12: 9.5 | H12: 9 | I12: 9.5 | J12: 9 | K12: 9.5 | L12: 9.5 | M12: 9 | N12: 9.5 | O12: 9.5 | P12: =D12*'Matriz Criterios'!H$42 + E12*'Matriz Criterios'!I$42 + F12*'Matriz Criterios'!J$42 + G12*'Matriz Criterios'!K$42 | Q12: =H12*'Matriz Criterios'!L$42 + I12*'Matriz Criterios'!M$42 + J12*'Matriz Criterios'!N$42 + K12*'Matriz Criterios'!O$42 | R12: =L12*'Matriz Criterios'!P$42 + M12*'Matriz Criterios'!Q$42 + N12*'Matriz Criterios'!R$42 + O12*'Matriz Criterios'!S$42 | S12: =AVERAGE(P12, Q12, R12)
A13: 8 | B13: Jiménez Ortiz, Pablo | C13: 1º DAW/M | D13: 5.5 | E13: 5.5 | F13: 6 | G13: 6.5 | H13: 5.5 | I13: 6 | J13: 5.5 | K13: 6.5 | L13: 6 | M13: 5.5 | N13: 5.5 | O13: 6.5 | P13: =D13*'Matriz Criterios'!H$42 + E13*'Matriz Criterios'!I$42 + F13*'Matriz Criterios'!J$42 + G13*'Matriz Criterios'!K$42 | Q13: =H13*'Matriz Criterios'!L$42 + I13*'Matriz Criterios'!M$42 + J13*'Matriz Criterios'!N$42 + K13*'Matriz Criterios'!O$42 | R13: =L13*'Matriz Criterios'!P$42 + M13*'Matriz Criterios'!Q$42 + N13*'Matriz Criterios'!R$42 + O13*'Matriz Criterios'!S$42 | S13: =AVERAGE(P13, Q13, R13)
A14: 9 | B14: López Molina, Sara | C14: 1º DAW/M | D14: 10 | E14: 9.5 | F14: 10 | G14: 10 | H14: 10 | I14: 9.5 | J14: 10 | K14: 10 | L14: 10 | M14: 9.5 | N14: 10 | O14: 10 | P14: =D14*'Matriz Criterios'!H$42 + E14*'Matriz Criterios'!I$42 + F14*'Matriz Criterios'!J$42 + G14*'Matriz Criterios'!K$42 | Q14: =H14*'Matriz Criterios'!L$42 + I14*'Matriz Criterios'!M$42 + J14*'Matriz Criterios'!N$42 + K14*'Matriz Criterios'!O$42 | R14: =L14*'Matriz Criterios'!P$42 + M14*'Matriz Criterios'!Q$42 + N14*'Matriz Criterios'!R$42 + O14*'Matriz Criterios'!S$42 | S14: =AVERAGE(P14, Q14, R14)
A15: 10 | B15: Martín Vega, Javier | C15: 1º DAW/M | D15: 3.5 | E15: 4 | F15: 4 | G15: 5 | H15: 4 | I15: 4.5 | J15: 4 | K15: 4.5 | L15: 4 | M15: 4 | N15: 4 | O15: 4.5 | P15: =D15*'Matriz Criterios'!H$42 + E15*'Matriz Criterios'!I$42 + F15*'Matriz Criterios'!J$42 + G15*'Matriz Criterios'!K$42 | Q15: =H15*'Matriz Criterios'!L$42 + I15*'Matriz Criterios'!M$42 + J15*'Matriz Criterios'!N$42 + K15*'Matriz Criterios'!O$42 | R15: =L15*'Matriz Criterios'!P$42 + M15*'Matriz Criterios'!Q$42 + N15*'Matriz Criterios'!R$42 + O15*'Matriz Criterios'!S$42 | S15: =AVERAGE(P15, Q15, R15)
A16: 11 | B16: Navarro Gil, Ana | C16: 1º DAW/M | D16: 8 | E16: 8.5 | F16: 8 | G16: 9 | H16: 8.5 | I16: 8 | J16: 8.5 | K16: 9 | L16: 8 | M16: 8.5 | N16: 8.5 | O16: 9 | P16: =D16*'Matriz Criterios'!H$42 + E16*'Matriz Criterios'!I$42 + F16*'Matriz Criterios'!J$42 + G16*'Matriz Criterios'!K$42 | Q16: =H16*'Matriz Criterios'!L$42 + I16*'Matriz Criterios'!M$42 + J16*'Matriz Criterios'!N$42 + K16*'Matriz Criterios'!O$42 | R16: =L16*'Matriz Criterios'!P$42 + M16*'Matriz Criterios'!Q$42 + N16*'Matriz Criterios'!R$42 + O16*'Matriz Criterios'!S$42 | S16: =AVERAGE(P16, Q16, R16)
A17: 12 | B17: Pérez Rubio, Álvaro | C17: 1º DAW/M | D17: 7 | E17: 7 | F17: 7.5 | G17: 7.5 | H17: 7.5 | I17: 7 | J17: 7.5 | K17: 7.5 | L17: 7 | M17: 7.5 | N17: 7 | O17: 7.5 | P17: =D17*'Matriz Criterios'!H$42 + E17*'Matriz Criterios'!I$42 + F17*'Matriz Criterios'!J$42 + G17*'Matriz Criterios'!K$42 | Q17: =H17*'Matriz Criterios'!L$42 + I17*'Matriz Criterios'!M$42 + J17*'Matriz Criterios'!N$42 + K17*'Matriz Criterios'!O$42 | R17: =L17*'Matriz Criterios'!P$42 + M17*'Matriz Criterios'!Q$42 + N17*'Matriz Criterios'!R$42 + O17*'Matriz Criterios'!S$42 | S17: =AVERAGE(P17, Q17, R17)
... A20: 15 | B20: Torres Lozano, Irene | C20: 1º DAW/M | D20: 9 | E20: 9.5 | F20: 9 | G20: 9.5 | H20: 9.5 | I20: 9 | J20: 9.5 | K20: 10 | L20: 9 | M20: 9.5 | N20: 9.5 | O20: 10 | P20: =D20*'Matriz Criterios'!H$42 + E20*'Matriz Criterios'!I$42 + F20*'Matriz Criterios'!J$42 + G20*'Matriz Criterios'!K$42 | Q20: =H20*'Matriz Criterios'!L$42 + I20*'Matriz Criterios'!M$42 + J20*'Matriz Criterios'!N$42 + K20*'Matriz Criterios'!O$42 | R20: =L20*'Matriz Criterios'!P$42 + M20*'Matriz Criterios'!Q$42 + N20*'Matriz Criterios'!R$42 + O20*'Matriz Criterios'!S$42 | S20: =AVERAGE(P20, Q20, R20)
A21: PROMEDIO DEL GRUPO | D21: =AVERAGE(D6:D20) | E21: =AVERAGE(E6:E20) | F21: =AVERAGE(F6:F20) | G21: =AVERAGE(G6:G20) | H21: =AVERAGE(H6:H20) | I21: =AVERAGE(I6:I20) | J21: =AVERAGE(J6:J20) | K21: =AVERAGE(K6:K20) | ... S21: =AVERAGE(S6:S20)

Sheet Calculo CEs
A1: CALIFICACIÓN DETALLADA POR CRITERIOS DE EVALUACIÓN (CE1.a a CE6.e) — SOSTENIBILIDAD
A2: Cálculo matemático automático: cada criterio se calcula promediando exclusivamente las tareas donde tiene marcada una 'X' en la 'Matriz Criterios'.
A4: ALUMNADO | C4: RA1 (18%) — Aspectos ASG, Desarrollo Sostenible y Marcos Internacionales | I4: RA2 (15%) — Retos Ambientales y Sociales en el Sector TIC | N4: RA3 (9%) — Criterios Personales y Profesionales | Q4: RA4 (18%) — Economía Circular y Ecodiseño TIC | W4: RA5 (18%) — Actividades Sostenibles, Green IT y Normativa RAEE | AF4: RA6 (22%) — Plan de Sostenibilidad e Informe CSRD/GRI | AK4: RESUMEN DE CRITERIOS
A5: Nº | B5: Apellidos, Nombre | C5: CE1.a | D5: CE1.b | E5: CE1.c | F5: CE1.d | G5: CE1.e | H5: CE1.f | I5: CE2.a | J5: CE2.b | K5: CE2.c | L5: CE2.d | M5: CE2.e | N5: CE3.a | O5: CE3.b | P5: CE3.c | Q5: CE4.a | R5: CE4.b | S5: CE4.c | T5: CE4.d | U5: CE4.e | V5: CE4.f | W5: CE5.a | X5: CE5.b | Y5: CE5.c | Z5: CE5.d | AA5: CE5.e | AB5: CE5.f | AC5: CE5.g | AD5: CE5.h | AE5: CE5.i | AF5: CE6.a | AG5: CE6.b | AH5: CE6.c | AI5: CE6.d | AJ5: CE6.e | AK5: Media CEs Superados | AL5: Nº CEs >= 5 (de 34)
A6: 1 | B6: Álvarez Gómez, Laura | C6: =IF(SUMPRODUCT(('Matriz Criterios'!$H$6:$S$6="X")*ISNUMBER('Registro Notas'!$D6:$O6))=0, "-", SUMPRODUCT(('Matriz Criterios'!$H$6:$S$6="X")*ISNUMBER('Registro Notas'!$D6:$O6)*'Registro Notas'!$D6:$O6)/SUMPRODUCT(('Matriz Criterios'!$H$6:$S$6="X")*ISNUMBER('Registro Notas'!$D6:$O6))) | D6: =IF(SUMPRODUCT(('Matriz Criterios'!$H$7:$S$7="X")*ISNUMBER('Registro Notas'!$D6:$O6))=0, "-", SUMPRODUCT(('Matriz Criterios'!$H$7:$S$7="X")*ISNUMBER('Registro Notas'!$D6:$O6)*'Registro Notas'!$D6:$O6)/SUMPRODUCT(('Matriz Criterios'!$H$7:$S$7="X")*ISNUMBER('Registro Notas'!$D6:$O6))) | E6: =IF(SUMPRODUCT(('Matriz Criterios'!$H$8:$S$8="X")*ISNUMBER('Registro Notas'!$D6:$O6))=0, "-", SUMPRODUCT(('Matriz Criterios'!$H$8:$S$8="X")*ISNUMBER('Registro Notas'!$D6:$O6)*'Registro Notas'!$D6:$O6)/SUMPRODUCT(('Matriz Criterios'!$H$8:$S$8="X")*ISNUMBER('Registro Notas'!$D6:$O6))) | F6: =IF(SUMPRODUCT(('Matriz Criterios'!$H$9:$S$9="X")*ISNUMBER('Registro Notas'!$D6:$O6))=0, "-", SUMPRODUCT(('Matriz Criterios'!$H$9:$S$9="X")*ISNUMBER('Registro Notas'!$D6:$O6)*'Registro Notas'!$D6:$O6)/SUMPRODUCT(('Matriz Criterios'!$H$9:$S$9="X")*ISNUMBER('Registro Notas'!$D6:$O6))) | G6: =IF(SUMPRODUCT(('Matriz Criterios'!$H$10:$S$10="X")*ISNUMBER('Registro Notas'!$D6:$O6))=0, "-", SUMPRODUCT(('Matriz Criterios'!$H$10:$S$10="X")*ISNUMBER('Registro Notas'!$D6:$O6)*'Registro Notas'!$D6:$O6)/SUMPRODUCT(('Matriz Criterios'!$H$10:$S$10="X")*ISNUMBER('Registro Notas'!$D6:$O6))) | H6: =IF(SUMPRODUCT(('Matriz Criterios'!$H$11:$S$11="X")*ISNUMBER('Registro Notas'!$D6:$O6))=0, "-", SUMPRODUCT(('Matriz Criterios'!$H$11:$S$11="X")*ISNUMBER('Registro Notas'!$D6:$O6)*'Registro Notas'!$D6:$O6)/SUMPRODUCT(('Matriz Criterios'!$H$11:$S$11="X")*ISNUMBER('Registro Notas'!$D6:$O6))) | I6: =IF(SUMPRODUCT(('Matriz Criterios'!$H$12:$S$12="X")*ISNUMBER('Registro Notas'!$D6:$O6))=0, "-", SUMPRODUCT(('Matriz Criterios'!$H$12:$S$12="X")*ISNUMBER('Registro Notas'!$D6:$O6)*'Registro Notas'!$D6:$O6)/SUMPRODUCT(('Matriz Criterios'!$H$12:$S$12="X")*ISNUMBER('Registro Notas'!$D6:$O6))) | J6: =IF(SUMPRODUCT(('Matriz Criterios'!$H$13:$S$13="X")*ISNUMBER('Registro Notas'!$D6:$O6))=0, "-", SUMPRODUCT(('Matriz Criterios'!$H$13:$S$13="X")*ISNUMBER('Registro Notas'!$D6:$O6)*'Registro Notas'!$D6:$O6)/SUMPRODUCT(('Matriz Criterios'!$H$13:$S$13="X")*ISNUMBER('Registro Notas'!$D6:$O6))) | K6: =IF(SUMPRODUCT(('Matriz Criterios'!$H$14:$S$14="X")*ISNUMBER('Registro Notas'!$D6:$O6))=0, "-", SUMPRODUCT(('Matriz Criterios'!$H$14:$S$14="X")*ISNUMBER('Registro Notas'!$D6:$O6)*'Registro Notas'!$D6:$O6)/SUMPRODUCT(('Matriz Criterios'!$H$14:$S$14="X")*ISNUMBER('Registro Notas'!$D6:$O6))) | L6: =IF(SUMPRODUCT(('Matriz Criterios'!$H$15:$S$15="X")*ISNUMBER('Registro Notas'!$D6:$O6))=0, "-", SUMPRODUCT(('Matriz Criterios'!$H$15:$S$15="X")*ISNUMBER('Registro Notas'!$D6:$O6)*'Registro Notas'!$D6:$O6)/SUMPRODUCT(('Matriz Criterios'!$H$15:$S$15="X")*ISNUMBER('Registro Notas'!$D6:$O6))) | M6: =IF(SUMPRODUCT(('Matriz Criterios'!$H$16:$S$16="X")*ISNUMBER('Registro Notas'!$D6:$O6))=0, "-", SUMPRODUCT(('Matriz Criterios'!$H$16:$S$16="X")*ISNUMBER('Registro Notas'!$D6:$O6)*'Registro Notas'!$D6:$O6)/SUMPRODUCT(('Matriz Criterios'!$H$16:$S$16="X")*ISNUMBER('Registro Notas'!$D6:$O6))) | N6: =IF(SUMPRODUCT(('Matriz Criterios'!$H$17:$S$17="X")*ISNUMBER('Registro Notas'!$D6:$O6))=0, "-", SUMPRODUCT(('Matriz Criterios'!$H$17:$S$17="X")*ISNUMBER('Registro Notas'!$D6:$O6)*'Registro Notas'!$D6:$O6)/SUMPRODUCT(('Matriz Criterios'!$H$17:$S$17="X")*ISNUMBER('Registro Notas'!$D6:$O6))) | O6: =IF(SUMPRODUCT(('Matriz Criterios'!$H$18:$S$18="X")*ISNUMBER('Registro Notas'!$D6:$O6))=0, "-", SUMPRODUCT(('Matriz Criterios'!$H$18:$S$18="X")*ISNUMBER('Registro Notas'!$D6:$O6)*'Registro Notas'!$D6:$O6)/SUMPRODUCT(('Matriz Criterios'!$H$18:$S$18="X")*ISNUMBER('Registro Notas'!$D6:$O6))) | P6: =IF(SUMPRODUCT(('Matriz Criterios'!$H$19:$S$19="X")*ISNUMBER('Registro Notas'!$D6:$O6))=0, "-", SUMPRODUCT(('Matriz Criterios'!$H$19:$S$19="X")*ISNUMBER('Registro Notas'!$D6:$O6)*'Registro Notas'!$D6:$O6)/SUMPRODUCT(('Matriz Criterios'!$H$19:$S$19="X")*ISNUMBER('Registro Notas'!$D6:$O6))) | Q6: =IF(SUMPRODUCT(('Matriz Criterios'!$H$20:$S$20="X")*ISNUMBER('Registro Notas'!$D6:$O6))=0, "-", SUMPRODUCT(('Matriz Criterios'!$H$20:$S$20="X")*ISNUMBER('Registro Notas'!$D6:$O6)*'Registro Notas'!$D6:$O6)/SUMPRODUCT(('Matriz Criterios'!$H$20:$S$20="X")*ISNUMBER('Registro Notas'!$D6:$O6))) | R6: =IF(SUMPRODUCT(('Matriz Criterios'!$H$21:$S$21="X")*ISNUMBER('Registro Notas'!$D6:$O6))=0, "-", SUMPRODUCT(('Matriz Criterios'!$H$21:$S$21="X")*ISNUMBER('Registro Notas'!$D6:$O6)*'Registro Notas'!$D6:$O6)/SUMPRODUCT(('Matriz Criterios'!$H$21:$S$21="X")*ISNUMBER('Registro Notas'!$D6:$O6))) | S6: =IF(SUMPRODUCT(('Matriz Criterios'!$H$22:$S$22="X")*ISNUMBER('Registro Notas'!$D6:$O6))=0, "-", SUMPRODUCT(('Matriz Criterios'!$H$22:$S$22="X")*ISNUMBER('Registro Notas'!$D6:$O6)*'Registro Notas'!$D6:$O6)/SUMPRODUCT(('Matriz Criterios'!$H$22:$S$22="X")*ISNUMBER('Registro Notas'!$D6:$O6))) | T6: =IF(SUMPRODUCT(('Matriz Criterios'!$H$23:$S$23="X")*ISNUMBER('Registro Notas'!$D6:$O6))=0, "-", SUMPRODUCT(('Matriz Criterios'!$H$23:$S$23="X")*ISNUMBER('Registro Notas'!$D6:$O6)*'Registro Notas'!$D6:$O6)/SUMPRODUCT(('Matriz Criterios'!$H$23:$S$23="X")*ISNUMBER('Registro Notas'!$D6:$O6))) | U6: =IF(SUMPRODUCT(('Matriz Criterios'!$H$24:$S$24="X")*ISNUMBER('Registro Notas'!$D6:$O6))=0, "-", SUMPRODUCT(('Matriz Criterios'!$H$24:$S$24="X")*ISNUMBER('Registro Notas'!$D6:$O6)*'Registro Notas'!$D6:$O6)/SUMPRODUCT(('Matriz Criterios'!$H$24:$S$24="X")*ISNUMBER('Registro Notas'!$D6:$O6))) | V6: =IF(SUMPRODUCT(('Matriz Criterios'!$H$25:$S$25="X")*ISNUMBER('Registro Notas'!$D6:$O6))=0, "-", SUMPRODUCT(('Matriz Criterios'!$H$25:$S$25="X")*ISNUMBER('Registro Notas'!$D6:$O6)*'Registro Notas'!$D6:$O6)/SUMPRODUCT(('Matriz Criterios'!$H$25:$S$25="X")*ISNUMBER('Registro Notas'!$D6:$O6))) | W6: =IF(SUMPRODUCT(('Matriz Criterios'!$H$26:$S$26="X")*ISNUMBER('Registro Notas'!$D6:$O6))=0, "-", SUMPRODUCT(('Matriz Criterios'!$H$26:$S$26="X")*ISNUMBER('Registro Notas'!$D6:$O6)*'Registro Notas'!$D6:$O6)/SUMPRODUCT(('Matriz Criterios'!$H$26:$S$26="X")*ISNUMBER('Registro Notas'!$D6:$O6))) | X6: =IF(SUMPRODUCT(('Matriz Criterios'!$H$27:$S$27="X")*ISNUMBER('Registro Notas'!$D6:$O6))=0, "-", SUMPRODUCT(('Matriz Criterios'!$H$27:$S$27="X")*ISNUMBER('Registro Notas'!$D6:$O6)*'Registro Notas'!$D6:$O6)/SUMPRODUCT(('Matriz Criterios'!$H$27:$S$27="X")*ISNUMBER('Registro Notas'!$D6:$O6))) | Y6: =IF(SUMPRODUCT(('Matriz Criterios'!$H$28:$S$28="X")*ISNUMBER('Registro Notas'!$D6:$O6))=0, "-", SUMPRODUCT(('Matriz Criterios'!$H$28:$S$28="X")*ISNUMBER('Registro Notas'!$D6:$O6)*'Registro Notas'!$D6:$O6)/SUMPRODUCT(('Matriz Criterios'!$H$28:$S$28="X")*ISNUMBER('Registro Notas'!$D6:$O6))) | Z6: =IF(SUMPRODUCT(('Matriz Criterios'!$H$29:$S$29="X")*ISNUMBER('Registro Notas'!$D6:$O6))=0, "-", SUMPRODUCT(('Matriz Criterios'!$H$29:$S$29="X")*ISNUMBER('Registro Notas'!$D6:$O6)*'Registro Notas'!$D6:$O6)/SUMPRODUCT(('Matriz Criterios'!$H$29:$S$29="X")*ISNUMBER('Registro Notas'!$D6:$O6))) | AA6: =IF(SUMPRODUCT(('Matriz Criterios'!$H$30:$S$30="X")*ISNUMBER('Registro Notas'!$D6:$O6))=0, "-", SUMPRODUCT(('Matriz Criterios'!$H$30:$S$30="X")*ISNUMBER('Registro Notas'!$D6:$O6)*'Registro Notas'!$D6:$O6)/SUMPRODUCT(('Matriz Criterios'!$H$30:$S$30="X")*ISNUMBER('Registro Notas'!$D6:$O6))) | AB6: =IF(SUMPRODUCT(('Matriz Criterios'!$H$31:$S$31="X")*ISNUMBER('Registro Notas'!$D6:$O6))=0, "-", SUMPRODUCT(('Matriz Criterios'!$H$31:$S$31="X")*ISNUMBER('Registro Notas'!$D6:$O6)*'Registro Notas'!$D6:$O6)/SUMPRODUCT(('Matriz Criterios'!$H$31:$S$31="X")*ISNUMBER('Registro Notas'!$D6:$O6))) | AC6: =IF(SUMPRODUCT(('Matriz Criterios'!$H$32:$S$32="X")*ISNUMBER('Registro Notas'!$D6:$O6))=0, "-", SUMPRODUCT(('Matriz Criterios'!$H$32:$S$32="X")*ISNUMBER('Registro Notas'!$D6:$O6)*'Registro Notas'!$D6:$O6)/SUMPRODUCT(('Matriz Criterios'!$H$32:$S$32="X")*ISNUMBER('Registro Notas'!$D6:$O6))) | AD6: =IF(SUMPRODUCT(('Matriz Criterios'!$H$33:$S$33="X")*ISNUMBER('Registro Notas'!$D6:$O6))=0, "-", SUMPRODUCT(('Matriz Criterios'!$H$33:$S$33="X")*ISNUMBER('Registro Notas'!$D6:$O6)*'Registro Notas'!$D6:$O6)/SUMPRODUCT(('Matriz Criterios'!$H$33:$S$33="X")*ISNUMBER('Registro Notas'!$D6:$O6))) | AE6: =IF(SUMPRODUCT(('Matriz Criterios'!$H$34:$S$34="X")*ISNUMBER('Registro Notas'!$D6:$O6))=0, "-", SUMPRODUCT(('Matriz Criterios'!$H$34:$S$34="X")*ISNUMBER('Registro Notas'!$D6:$O6)*'Registro Notas'!$D6:$O6)/SUMPRODUCT(('Matriz Criterios'!$H$34:$S$34="X")*ISNUMBER('Registro Notas'!$D6:$O6))) | AF6: =IF(SUMPRODUCT(('Matriz Criterios'!$H$35:$S$35="X")*ISNUMBER('Registro Notas'!$D6:$O6))=0, "-", SUMPRODUCT(('Matriz Criterios'!$H$35:$S$35="X")*ISNUMBER('Registro Notas'!$D6:$O6)*'Registro Notas'!$D6:$O6)/SUMPRODUCT(('Matriz Criterios'!$H$35:$S$35="X")*ISNUMBER('Registro Notas'!$D6:$O6))) | AG6: =IF(SUMPRODUCT(('Matriz Criterios'!$H$36:$S$36="X")*ISNUMBER('Registro Notas'!$D6:$O6))=0, "-", SUMPRODUCT(('Matriz Criterios'!$H$36:$S$36="X")*ISNUMBER('Registro Notas'!$D6:$O6)*'Registro Notas'!$D6:$O6)/SUMPRODUCT(('Matriz Criterios'!$H$36:$S$36="X")*ISNUMBER('Registro Notas'!$D6:$O6))) | AH6: =IF(SUMPRODUCT(('Matriz Criterios'!$H$37:$S$37="X")*ISNUMBER('Registro Notas'!$D6:$O6))=0, "-", SUMPRODUCT(('Matriz Criterios'!$H$37:$S$37="X")*ISNUMBER('Registro Notas'!$D6:$O6)*'Registro Notas'!$D6:$O6)/SUMPRODUCT(('Matriz Criterios'!$H$37:$S$37="X")*ISNUMBER('Registro Notas'!$D6:$O6))) | AI6: =IF(SUMPRODUCT(('Matriz Criterios'!$H$38:$S$38="X")*ISNUMBER('Registro Notas'!$D6:$O6))=0, "-", SUMPRODUCT(('Matriz Criterios'!$H$38:$S$38="X")*ISNUMBER('Registro Notas'!$D6:$O6)*'Registro Notas'!$D6:$O6)/SUMPRODUCT(('Matriz Criterios'!$H$38:$S$38="X")*ISNUMBER('Registro Notas'!$D6:$O6))) | AJ6: =IF(SUMPRODUCT(('Matriz Criterios'!$H$39:$S$39="X")*ISNUMBER('Registro Notas'!$D6:$O6))=0, "-", SUMPRODUCT(('Matriz Criterios'!$H$39:$S$39="X")*ISNUMBER('Registro Notas'!$D6:$O6)*'Registro Notas'!$D6:$O6)/SUMPRODUCT(('Matriz Criterios'!$H$39:$S$39="X")*ISNUMBER('Registro Notas'!$D6:$O6))) | AK6: =AVERAGE(C6:AJ6) | AL6: =COUNTIF(C6:AJ6, ">=5")
A7: 2 | B7: Benítez Romero, Carlos | C7: =IF(SUMPRODUCT(('Matriz Criterios'!$H$6:$S$6="X")*ISNUMBER('Registro Notas'!$D7:$O7))=0, "-", SUMPRODUCT(('Matriz Criterios'!$H$6:$S$6="X")*ISNUMBER('Registro Notas'!$D7:$O7)*'Registro Notas'!$D7:$O7)/SUMPRODUCT(('Matriz Criterios'!$H$6:$S$6="X")*ISNUMBER('Registro Notas'!$D7:$O7))) | D7: =IF(SUMPRODUCT(('Matriz Criterios'!$H$7:$S$7="X")*ISNUMBER('Registro Notas'!$D7:$O7))=0, "-", SUMPRODUCT(('Matriz Criterios'!$H$7:$S$7="X")*ISNUMBER('Registro Notas'!$D7:$O7)*'Registro Notas'!$D7:$O7)/SUMPRODUCT(('Matriz Criterios'!$H$7:$S$7="X")*ISNUMBER('Registro Notas'!$D7:$O7))) | E7: =IF(SUMPRODUCT(('Matriz Criterios'!$H$8:$S$8="X")*ISNUMBER('Registro Notas'!$D7:$O7))=0, "-", SUMPRODUCT(('Matriz Criterios'!$H$8:$S$8="X")*ISNUMBER('Registro Notas'!$D7:$O7)*'Registro Notas'!$D7:$O7)/SUMPRODUCT(('Matriz Criterios'!$H$8:$S$8="X")*ISNUMBER('Registro Notas'!$D7:$O7))) | F7: =IF(SUMPRODUCT(('Matriz Criterios'!$H$9:$S$9="X")*ISNUMBER('Registro Notas'!$D7:$O7))=0, "-", SUMPRODUCT(('Matriz Criterios'!$H$9:$S$9="X")*ISNUMBER('Registro Notas'!$D7:$O7)*'Registro Notas'!$D7:$O7)/SUMPRODUCT(('Matriz Criterios'!$H$9:$S$9="X")*ISNUMBER('Registro Notas'!$D7:$O7))) | G7: =IF(SUMPRODUCT(('Matriz Criterios'!$H$10:$S$10="X")*ISNUMBER('Registro Notas'!$D7:$O7))=0, "-", SUMPRODUCT(('Matriz Criterios'!$H$10:$S$10="X")*ISNUMBER('Registro Notas'!$D7:$O7)*'Registro Notas'!$D7:$O7)/SUMPRODUCT(('Matriz Criterios'!$H$10:$S$10="X")*ISNUMBER('Registro Notas'!$D7:$O7))) | H7: =IF(SUMPRODUCT(('Matriz Criterios'!$H$11:$S$11="X")*ISNUMBER('Registro Notas'!$D7:$O7))=0, "-", SUMPRODUCT(('Matriz Criterios'!$H$11:$S$11="X")*ISNUMBER('Registro Notas'!$D7:$O7)*'Registro Notas'!$D7:$O7)/SUMPRODUCT(('Matriz Criterios'!$H$11:$S$11="X")*ISNUMBER('Registro Notas'!$D7:$O7))) | I7: =IF(SUMPRODUCT(('Matriz Criterios'!$H$12:$S$12="X")*ISNUMBER('Registro Notas'!$D7:$O7))=0, "-", SUMPRODUCT(('Matriz Criterios'!$H$12:$S$12="X")*ISNUMBER('Registro Notas'!$D7:$O7)*'Registro Notas'!$D7:$O7)/SUMPRODUCT(('Matriz Criterios'!$H$12:$S$12="X")*ISNUMBER('Registro Notas'!$D7:$O7))) | J7: =IF(SUMPRODUCT(('Matriz Criterios'!$H$13:$S$13="X")*ISNUMBER('Registro Notas'!$D7:$O7))=0, "-", SUMPRODUCT(('Matriz Criterios'!$H$13:$S$13="X")*ISNUMBER('Registro Notas'!$D7:$O7)*'Registro Notas'!$D7:$O7)/SUMPRODUCT(('Matriz Criterios'!$H$13:$S$13="X")*ISNUMBER('Registro Notas'!$D7:$O7))) | K7: =IF(SUMPRODUCT(('Matriz Criterios'!$H$14:$S$14="X")*ISNUMBER('Registro Notas'!$D7:$O7))=0, "-", SUMPRODUCT(('Matriz Criterios'!$H$14:$S$14="X")*ISNUMBER('Registro Notas'!$D7:$O7)*'Registro Notas'!$D7:$O7)/SUMPRODUCT(('Matriz Criterios'!$H$14:$S$14="X")*ISNUMBER('Registro Notas'!$D7:$O7))) | L7: =IF(SUMPRODUCT(('Matriz Criterios'!$H$15:$S$15="X")*ISNUMBER('Registro Notas'!$D7:$O7))=0, "-", SUMPRODUCT(('Matriz Criterios'!$H$15:$S$15="X")*ISNUMBER('Registro Notas'!$D7:$O7)*'Registro Notas'!$D7:$O7)/SUMPRODUCT(('Matriz Criterios'!$H$15:$S$15="X")*ISNUMBER('Registro Notas'!$D7:$O7))) | M7: =IF(SUMPRODUCT(('Matriz Criterios'!$H$16:$S$16="X")*ISNUMBER('Registro Notas'!$D7:$O7))=0, "-", SUMPRODUCT(('Matriz Criterios'!$H$16:$S$16="X")*ISNUMBER('Registro Notas'!$D7:$O7)*'Registro Notas'!$D7:$O7)/SUMPRODUCT(('Matriz Criterios'!$H$16:$S$16="X")*ISNUMBER('Registro Notas'!$D7:$O7))) | N7: =IF(SUMPRODUCT(('Matriz Criterios'!$H$17:$S$17="X")*ISNUMBER('Registro Notas'!$D7:$O7))=0, "-", SUMPRODUCT(('Matriz Criterios'!$H$17:$S$17="X")*ISNUMBER('Registro Notas'!$D7:$O7)*'Registro Notas'!$D7:$O7)/SUMPRODUCT(('Matriz Criterios'!$H$17:$S$17="X")*ISNUMBER('Registro Notas'!$D7:$O7))) | O7: =IF(SUMPRODUCT(('Matriz Criterios'!$H$18:$S$18="X")*ISNUMBER('Registro Notas'!$D7:$O7))=0, "-", SUMPRODUCT(('Matriz Criterios'!$H$18:$S$18="X")*ISNUMBER('Registro Notas'!$D7:$O7)*'Registro Notas'!$D7:$O7)/SUMPRODUCT(('Matriz Criterios'!$H$18:$S$18="X")*ISNUMBER('Registro Notas'!$D7:$O7))) | P7: =IF(SUMPRODUCT(('Matriz Criterios'!$H$19:$S$19="X")*ISNUMBER('Registro Notas'!$D7:$O7))=0, "-", SUMPRODUCT(('Matriz Criterios'!$H$19:$S$19="X")*ISNUMBER('Registro Notas'!$D7:$O7)*'Registro Notas'!$D7:$O7)/SUMPRODUCT(('Matriz Criterios'!$H$19:$S$19="X")*ISNUMBER('Registro Notas'!$D7:$O7))) | Q7: =IF(SUMPRODUCT(('Matriz Criterios'!$H$20:$S$20="X")*ISNUMBER('Registro Notas'!$D7:$O7))=0, "-", SUMPRODUCT(('Matriz Criterios'!$H$20:$S$20="X")*ISNUMBER('Registro Notas'!$D7:$O7)*'Registro Notas'!$D7:$O7)/SUMPRODUCT(('Matriz Criterios'!$H$20:$S$20="X")*ISNUMBER('Registro Notas'!$D7:$O7))) | R7: =IF(SUMPRODUCT(('Matriz Criterios'!$H$21:$S$21="X")*ISNUMBER('Registro Notas'!$D7:$O7))=0, "-", SUMPRODUCT(('Matriz Criterios'!$H$21:$S$21="X")*ISNUMBER('Registro Notas'!$D7:$O7)*'Registro Notas'!$D7:$O7)/SUMPRODUCT(('Matriz Criterios'!$H$21:$S$21="X")*ISNUMBER('Registro Notas'!$D7:$O7))) | S7: =IF(SUMPRODUCT(('Matriz Criterios'!$H$22:$S$22="X")*ISNUMBER('Registro Notas'!$D7:$O7))=0, "-", SUMPRODUCT(('Matriz Criterios'!$H$22:$S$22="X")*ISNUMBER('Registro Notas'!$D7:$O7)*'Registro Notas'!$D7:$O7)/SUMPRODUCT(('Matriz Criterios'!$H$22:$S$22="X")*ISNUMBER('Registro Notas'!$D7:$O7))) | T7: =IF(SUMPRODUCT(('Matriz Criterios'!$H$23:$S$23="X")*ISNUMBER('Registro Notas'!$D7:$O7))=0, "-", SUMPRODUCT(('Matriz Criterios'!$H$23:$S$23="X")*ISNUMBER('Registro Notas'!$D7:$O7)*'Registro Notas'!$D7:$O7)/SUMPRODUCT(('Matriz Criterios'!$H$23:$S$23="X")*ISNUMBER('Registro Notas'!$D7:$O7))) | U7: =IF(SUMPRODUCT(('Matriz Criterios'!$H$24:$S$24="X")*ISNUMBER('Registro Notas'!$D7:$O7))=0, "-", SUMPRODUCT(('Matriz Criterios'!$H$24:$S$24="X")*ISNUMBER('Registro Notas'!$D7:$O7)*'Registro Notas'!$D7:$O7)/SUMPRODUCT(('Matriz Criterios'!$H$24:$S$24="X")*ISNUMBER('Registro Notas'!$D7:$O7))) | V7: =IF(SUMPRODUCT(('Matriz Criterios'!$H$25:$S$25="X")*ISNUMBER('Registro Notas'!$D7:$O7))=0, "-", SUMPRODUCT(('Matriz Criterios'!$H$25:$S$25="X")*ISNUMBER('Registro Notas'!$D7:$O7)*'Registro Notas'!$D7:$O7)/SUMPRODUCT(('Matriz Criterios'!$H$25:$S$25="X")*ISNUMBER('Registro Notas'!$D7:$O7))) | W7: =IF(SUMPRODUCT(('Matriz Criterios'!$H$26:$S$26="X")*ISNUMBER('Registro Notas'!$D7:$O7))=0, "-", SUMPRODUCT(('Matriz Criterios'!$H$26:$S$26="X")*ISNUMBER('Registro Notas'!$D7:$O7)*'Registro Notas'!$D7:$O7)/SUMPRODUCT(('Matriz Criterios'!$H$26:$S$26="X")*ISNUMBER('Registro Notas'!$D7:$O7))) | X7: =IF(SUMPRODUCT(('Matriz Criterios'!$H$27:$S$27="X")*ISNUMBER('Registro Notas'!$D7:$O7))=0, "-", SUMPRODUCT(('Matriz Criterios'!$H$27:$S$27="X")*ISNUMBER('Registro Notas'!$D7:$O7)*'Registro Notas'!$D7:$O7)/SUMPRODUCT(('Matriz Criterios'!$H$27:$S$27="X")*ISNUMBER('Registro Notas'!$D7:$O7))) | Y7: =IF(SUMPRODUCT(('Matriz Criterios'!$H$28:$S$28="X")*ISNUMBER('Registro Notas'!$D7:$O7))=0, "-", SUMPRODUCT(('Matriz Criterios'!$H$28:$S$28="X")*ISNUMBER('Registro Notas'!$D7:$O7)*'Registro Notas'!$D7:$O7)/SUMPRODUCT(('Matriz Criterios'!$H$28:$S$28="X")*ISNUMBER('Registro Notas'!$D7:$O7))) | Z7: =IF(SUMPRODUCT(('Matriz Criterios'!$H$29:$S$29="X")*ISNUMBER('Registro Notas'!$D7:$O7))=0, "-", SUMPRODUCT(('Matriz Criterios'!$H$29:$S$29="X")*ISNUMBER('Registro Notas'!$D7:$O7)*'Registro Notas'!$D7:$O7)/SUMPRODUCT(('Matriz Criterios'!$H$29:$S$29="X")*ISNUMBER('Registro Notas'!$D7:$O7))) | AA7: =IF(SUMPRODUCT(('Matriz Criterios'!$H$30:$S$30="X")*ISNUMBER('Registro Notas'!$D7:$O7))=0, "-", SUMPRODUCT(('Matriz Criterios'!$H$30:$S$30="X")*ISNUMBER('Registro Notas'!$D7:$O7)*'Registro Notas'!$D7:$O7)/SUMPRODUCT(('Matriz Criterios'!$H$30:$S$30="X")*ISNUMBER('Registro Notas'!$D7:$O7))) | AB7: =IF(SUMPRODUCT(('Matriz Criterios'!$H$31:$S$31="X")*ISNUMBER('Registro Notas'!$D7:$O7))=0, "-", SUMPRODUCT(('Matriz Criterios'!$H$31:$S$31="X")*ISNUMBER('Registro Notas'!$D7:$O7)*'Registro Notas'!$D7:$O7)/SUMPRODUCT(('Matriz Criterios'!$H$31:$S$31="X")*ISNUMBER('Registro Notas'!$D7:$O7))) | AC7: =IF(SUMPRODUCT(('Matriz Criterios'!$H$32:$S$32="X")*ISNUMBER('Registro Notas'!$D7:$O7))=0, "-", SUMPRODUCT(('Matriz Criterios'!$H$32:$S$32="X")*ISNUMBER('Registro Notas'!$D7:$O7)*'Registro Notas'!$D7:$O7)/SUMPRODUCT(('Matriz Criterios'!$H$32:$S$32="X")*ISNUMBER('Registro Notas'!$D7:$O7))) | AD7: =IF(SUMPRODUCT(('Matriz Criterios'!$H$33:$S$33="X")*ISNUMBER('Registro Notas'!$D7:$O7))=0, "-", SUMPRODUCT(('Matriz Criterios'!$H$33:$S$33="X")*ISNUMBER('Registro Notas'!$D7:$O7)*'Registro Notas'!$D7:$O7)/SUMPRODUCT(('Matriz Criterios'!$H$33:$S$33="X")*ISNUMBER('Registro Notas'!$D7:$O7))) | AE7: =IF(SUMPRODUCT(('Matriz Criterios'!$H$34:$S$34="X")*ISNUMBER('Registro Notas'!$D7:$O7))=0, "-", SUMPRODUCT(('Matriz Criterios'!$H$34:$S$34="X")*ISNUMBER('Registro Notas'!$D7:$O7)*'Registro Notas'!$D7:$O7)/SUMPRODUCT(('Matriz Criterios'!$H$34:$S$34="X")*ISNUMBER('Registro Notas'!$D7:$O7))) | AF7: =IF(SUMPRODUCT(('Matriz Criterios'!$H$35:$S$35="X")*ISNUMBER('Registro Notas'!$D7:$O7))=0, "-", SUMPRODUCT(('Matriz Criterios'!$H$35:$S$35="X")*ISNUMBER('Registro Notas'!$D7:$O7)*'Registro Notas'!$D7:$O7)/SUMPRODUCT(('Matriz Criterios'!$H$35:$S$35="X")*ISNUMBER('Registro Notas'!$D7:$O7))) | AG7: =IF(SUMPRODUCT(('Matriz Criterios'!$H$36:$S$36="X")*ISNUMBER('Registro Notas'!$D7:$O7))=0, "-", SUMPRODUCT(('Matriz Criterios'!$H$36:$S$36="X")*ISNUMBER('Registro Notas'!$D7:$O7)*'Registro Notas'!$D7:$O7)/SUMPRODUCT(('Matriz Criterios'!$H$36:$S$36="X")*ISNUMBER('Registro Notas'!$D7:$O7))) | AH7: =IF(SUMPRODUCT(('Matriz Criterios'!$H$37:$S$37="X")*ISNUMBER('Registro Notas'!$D7:$O7))=0, "-", SUMPRODUCT(('Matriz Criterios'!$H$37:$S$37="X")*ISNUMBER('Registro Notas'!$D7:$O7)*'Registro Notas'!$D7:$O7)/SUMPRODUCT(('Matriz Criterios'!$H$37:$S$37="X")*ISNUMBER('Registro Notas'!$D7:$O7))) | AI7: =IF(SUMPRODUCT(('Matriz Criterios'!$H$38:$S$38="X")*ISNUMBER('Registro Notas'!$D7:$O7))=0, "-", SUMPRODUCT(('Matriz Criterios'!$H$38:$S$38="X")*ISNUMBER('Registro Notas'!$D7:$O7)*'Registro Notas'!$D7:$O7)/SUMPRODUCT(('Matriz Criterios'!$H$38:$S$38="X")*ISNUMBER('Registro Notas'!$D7:$O7))) | AJ7: =IF(SUMPRODUCT(('Matriz Criterios'!$H$39:$S$39="X")*ISNUMBER('Registro Notas'!$D7:$O7))=0, "-", SUMPRODUCT(('Matriz Criterios'!$H$39:$S$39="X")*ISNUMBER('Registro Notas'!$D7:$O7)*'Registro Notas'!$D7:$O7)/SUMPRODUCT(('Matriz Criterios'!$H$39:$S$39="X")*ISNUMBER('Registro Notas'!$D7:$O7))) | AK7: =AVERAGE(C7:AJ7) | AL7: =COUNTIF(C7:AJ7, ">=5")
A8: 3 | B8: Castillo Morales, Elena | C8: =IF(SUMPRODUCT(('Matriz Criterios'!$H$6:$S$6="X")*ISNUMBER('Registro Notas'!$D8:$O8))=0, "-", SUMPRODUCT(('Matriz Criterios'!$H$6:$S$6="X")*ISNUMBER('Registro Notas'!$D8:$O8)*'Registro Notas'!$D8:$O8)/SUMPRODUCT(('Matriz Criterios'!$H$6:$S$6="X")*ISNUMBER('Registro Notas'!$D8:$O8))) | D8: =IF(SUMPRODUCT(('Matriz Criterios'!$H$7:$S$7="X")*ISNUMBER('Registro Notas'!$D8:$O8))=0, "-", SUMPRODUCT(('Matriz Criterios'!$H$7:$S$7="X")*ISNUMBER('Registro Notas'!$D8:$O8)*'Registro Notas'!$D8:$O8)/SUMPRODUCT(('Matriz Criterios'!$H$7:$S$7="X")*ISNUMBER('Registro Notas'!$D8:$O8))) | E8: =IF(SUMPRODUCT(('Matriz Criterios'!$H$8:$S$8="X")*ISNUMBER('Registro Notas'!$D8:$O8))=0, "-", SUMPRODUCT(('Matriz Criterios'!$H$8:$S$8="X")*ISNUMBER('Registro Notas'!$D8:$O8)*'Registro Notas'!$D8:$O8)/SUMPRODUCT(('Matriz Criterios'!$H$8:$S$8="X")*ISNUMBER('Registro Notas'!$D8:$O8))) | F8: =IF(SUMPRODUCT(('Matriz Criterios'!$H$9:$S$9="X")*ISNUMBER('Registro Notas'!$D8:$O8))=0, "-", SUMPRODUCT(('Matriz Criterios'!$H$9:$S$9="X")*ISNUMBER('Registro Notas'!$D8:$O8)*'Registro Notas'!$D8:$O8)/SUMPRODUCT(('Matriz Criterios'!$H$9:$S$9="X")*ISNUMBER('Registro Notas'!$D8:$O8))) | G8: =IF(SUMPRODUCT(('Matriz Criterios'!$H$10:$S$10="X")*ISNUMBER('Registro Notas'!$D8:$O8))=0, "-", SUMPRODUCT(('Matriz Criterios'!$H$10:$S$10="X")*ISNUMBER('Registro Notas'!$D8:$O8)*'Registro Notas'!$D8:$O8)/SUMPRODUCT(('Matriz Criterios'!$H$10:$S$10="X")*ISNUMBER('Registro Notas'!$D8:$O8))) | H8: =IF(SUMPRODUCT(('Matriz Criterios'!$H$11:$S$11="X")*ISNUMBER('Registro Notas'!$D8:$O8))=0, "-", SUMPRODUCT(('Matriz Criterios'!$H$11:$S$11="X")*ISNUMBER('Registro Notas'!$D8:$O8)*'Registro Notas'!$D8:$O8)/SUMPRODUCT(('Matriz Criterios'!$H$11:$S$11="X")*ISNUMBER('Registro Notas'!$D8:$O8))) | I8: =IF(SUMPRODUCT(('Matriz Criterios'!$H$12:$S$12="X")*ISNUMBER('Registro Notas'!$D8:$O8))=0, "-", SUMPRODUCT(('Matriz Criterios'!$H$12:$S$12="X")*ISNUMBER('Registro Notas'!$D8:$O8)*'Registro Notas'!$D8:$O8)/SUMPRODUCT(('Matriz Criterios'!$H$12:$S$12="X")*ISNUMBER('Registro Notas'!$D8:$O8))) | J8: =IF(SUMPRODUCT(('Matriz Criterios'!$H$13:$S$13="X")*ISNUMBER('Registro Notas'!$D8:$O8))=0, "-", SUMPRODUCT(('Matriz Criterios'!$H$13:$S$13="X")*ISNUMBER('Registro Notas'!$D8:$O8)*'Registro Notas'!$D8:$O8)/SUMPRODUCT(('Matriz Criterios'!$H$13:$S$13="X")*ISNUMBER('Registro Notas'!$D8:$O8))) | K8: =IF(SUMPRODUCT(('Matriz Criterios'!$H$14:$S$14="X")*ISNUMBER('Registro Notas'!$D8:$O8))=0, "-", SUMPRODUCT(('Matriz Criterios'!$H$14:$S$14="X")*ISNUMBER('Registro Notas'!$D8:$O8)*'Registro Notas'!$D8:$O8)/SUMPRODUCT(('Matriz Criterios'!$H$14:$S$14="X")*ISNUMBER('Registro Notas'!$D8:$O8))) | L8: =IF(SUMPRODUCT(('Matriz Criterios'!$H$15:$S$15="X")*ISNUMBER('Registro Notas'!$D8:$O8))=0, "-", SUMPRODUCT(('Matriz Criterios'!$H$15:$S$15="X")*ISNUMBER('Registro Notas'!$D8:$O8)*'Registro Notas'!$D8:$O8)/SUMPRODUCT(('Matriz Criterios'!$H$15:$S$15="X")*ISNUMBER('Registro Notas'!$D8:$O8))) | M8: =IF(SUMPRODUCT(('Matriz Criterios'!$H$16:$S$16="X")*ISNUMBER('Registro Notas'!$D8:$O8))=0, "-", SUMPRODUCT(('Matriz Criterios'!$H$16:$S$16="X")*ISNUMBER('Registro Notas'!$D8:$O8)*'Registro Notas'!$D8:$O8)/SUMPRODUCT(('Matriz Criterios'!$H$16:$S$16="X")*ISNUMBER('Registro Notas'!$D8:$O8))) | N8: =IF(SUMPRODUCT(('Matriz Criterios'!$H$17:$S$17="X")*ISNUMBER('Registro Notas'!$D8:$O8))=0, "-", SUMPRODUCT(('Matriz Criterios'!$H$17:$S$17="X")*ISNUMBER('Registro Notas'!$D8:$O8)*'Registro Notas'!$D8:$O8)/SUMPRODUCT(('Matriz Criterios'!$H$17:$S$17="X")*ISNUMBER('Registro Notas'!$D8:$O8))) | O8: =IF(SUMPRODUCT(('Matriz Criterios'!$H$18:$S$18="X")*ISNUMBER('Registro Notas'!$D8:$O8))=0, "-", SUMPRODUCT(('Matriz Criterios'!$H$18:$S$18="X")*ISNUMBER('Registro Notas'!$D8:$O8)*'Registro Notas'!$D8:$O8)/SUMPRODUCT(('Matriz Criterios'!$H$18:$S$18="X")*ISNUMBER('Registro Notas'!$D8:$O8))) | P8: =IF(SUMPRODUCT(('Matriz Criterios'!$H$19:$S$19="X")*ISNUMBER('Registro Notas'!$D8:$O8))=0, "-", SUMPRODUCT(('Matriz Criterios'!$H$19:$S$19="X")*ISNUMBER('Registro Notas'!$D8:$O8)*'Registro Notas'!$D8:$O8)/SUMPRODUCT(('Matriz Criterios'!$H$19:$S$19="X")*ISNUMBER('Registro Notas'!$D8:$O8))) | Q8: =IF(SUMPRODUCT(('Matriz Criterios'!$H$20:$S$20="X")*ISNUMBER('Registro Notas'!$D8:$O8))=0, "-", SUMPRODUCT(('Matriz Criterios'!$H$20:$S$20="X")*ISNUMBER('Registro Notas'!$D8:$O8)*'Registro Notas'!$D8:$O8)/SUMPRODUCT(('Matriz Criterios'!$H$20:$S$20="X")*ISNUMBER('Registro Notas'!$D8:$O8))) | R8: =IF(SUMPRODUCT(('Matriz Criterios'!$H$21:$S$21="X")*ISNUMBER('Registro Notas'!$D8:$O8))=0, "-", SUMPRODUCT(('Matriz Criterios'!$H$21:$S$21="X")*ISNUMBER('Registro Notas'!$D8:$O8)*'Registro Notas'!$D8:$O8)/SUMPRODUCT(('Matriz Criterios'!$H$21:$S$21="X")*ISNUMBER('Registro Notas'!$D8:$O8))) | S8: =IF(SUMPRODUCT(('Matriz Criterios'!$H$22:$S$22="X")*ISNUMBER('Registro Notas'!$D8:$O8))=0, "-", SUMPRODUCT(('Matriz Criterios'!$H$22:$S$22="X")*ISNUMBER('Registro Notas'!$D8:$O8)*'Registro Notas'!$D8:$O8)/SUMPRODUCT(('Matriz Criterios'!$H$22:$S$22="X")*ISNUMBER('Registro Notas'!$D8:$O8))) | T8: =IF(SUMPRODUCT(('Matriz Criterios'!$H$23:$S$23="X")*ISNUMBER('Registro Notas'!$D8:$O8))=0, "-", SUMPRODUCT(('Matriz Criterios'!$H$23:$S$23="X")*ISNUMBER('Registro Notas'!$D8:$O8)*'Registro Notas'!$D8:$O8)/SUMPRODUCT(('Matriz Criterios'!$H$23:$S$23="X")*ISNUMBER('Registro Notas'!$D8:$O8))) | U8: =IF(SUMPRODUCT(('Matriz Criterios'!$H$24:$S$24="X")*ISNUMBER('Registro Notas'!$D8:$O8))=0, "-", SUMPRODUCT(('Matriz Criterios'!$H$24:$S$24="X")*ISNUMBER('Registro Notas'!$D8:$O8)*'Registro Notas'!$D8:$O8)/SUMPRODUCT(('Matriz Criterios'!$H$24:$S$24="X")*ISNUMBER('Registro Notas'!$D8:$O8))) | V8: =IF(SUMPRODUCT(('Matriz Criterios'!$H$25:$S$25="X")*ISNUMBER('Registro Notas'!$D8:$O8))=0, "-", SUMPRODUCT(('Matriz Criterios'!$H$25:$S$25="X")*ISNUMBER('Registro Notas'!$D8:$O8)*'Registro Notas'!$D8:$O8)/SUMPRODUCT(('Matriz Criterios'!$H$25:$S$25="X")*ISNUMBER('Registro Notas'!$D8:$O8))) | W8: =IF(SUMPRODUCT(('Matriz Criterios'!$H$26:$S$26="X")*ISNUMBER('Registro Notas'!$D8:$O8))=0, "-", SUMPRODUCT(('Matriz Criterios'!$H$26:$S$26="X")*ISNUMBER('Registro Notas'!$D8:$O8)*'Registro Notas'!$D8:$O8)/SUMPRODUCT(('Matriz Criterios'!$H$26:$S$26="X")*ISNUMBER('Registro Notas'!$D8:$O8))) | X8: =IF(SUMPRODUCT(('Matriz Criterios'!$H$27:$S$27="X")*ISNUMBER('Registro Notas'!$D8:$O8))=0, "-", SUMPRODUCT(('Matriz Criterios'!$H$27:$S$27="X")*ISNUMBER('Registro Notas'!$D8:$O8)*'Registro Notas'!$D8:$O8)/SUMPRODUCT(('Matriz Criterios'!$H$27:$S$27="X")*ISNUMBER('Registro Notas'!$D8:$O8))) | Y8: =IF(SUMPRODUCT(('Matriz Criterios'!$H$28:$S$28="X")*ISNUMBER('Registro Notas'!$D8:$O8))=0, "-", SUMPRODUCT(('Matriz Criterios'!$H$28:$S$28="X")*ISNUMBER('Registro Notas'!$D8:$O8)*'Registro Notas'!$D8:$O8)/SUMPRODUCT(('Matriz Criterios'!$H$28:$S$28="X")*ISNUMBER('Registro Notas'!$D8:$O8))) | Z8: =IF(SUMPRODUCT(('Matriz Criterios'!$H$29:$S$29="X")*ISNUMBER('Registro Notas'!$D8:$O8))=0, "-", SUMPRODUCT(('Matriz Criterios'!$H$29:$S$29="X")*ISNUMBER('Registro Notas'!$D8:$O8)*'Registro Notas'!$D8:$O8)/SUMPRODUCT(('Matriz Criterios'!$H$29:$S$29="X")*ISNUMBER('Registro Notas'!$D8:$O8))) | AA8: =IF(SUMPRODUCT(('Matriz Criterios'!$H$30:$S$30="X")*ISNUMBER('Registro Notas'!$D8:$O8))=0, "-", SUMPRODUCT(('Matriz Criterios'!$H$30:$S$30="X")*ISNUMBER('Registro Notas'!$D8:$O8)*'Registro Notas'!$D8:$O8)/SUMPRODUCT(('Matriz Criterios'!$H$30:$S$30="X")*ISNUMBER('Registro Notas'!$D8:$O8))) | AB8: =IF(SUMPRODUCT(('Matriz Criterios'!$H$31:$S$31="X")*ISNUMBER('Registro Notas'!$D8:$O8))=0, "-", SUMPRODUCT(('Matriz Criterios'!$H$31:$S$31="X")*ISNUMBER('Registro Notas'!$D8:$O8)*'Registro Notas'!$D8:$O8)/SUMPRODUCT(('Matriz Criterios'!$H$31:$S$31="X")*ISNUMBER('Registro Notas'!$D8:$O8))) | AC8: =IF(SUMPRODUCT(('Matriz Criterios'!$H$32:$S$32="X")*ISNUMBER('Registro Notas'!$D8:$O8))=0, "-", SUMPRODUCT(('Matriz Criterios'!$H$32:$S$32="X")*ISNUMBER('Registro Notas'!$D8:$O8)*'Registro Notas'!$D8:$O8)/SUMPRODUCT(('Matriz Criterios'!$H$32:$S$32="X")*ISNUMBER('Registro Notas'!$D8:$O8))) | AD8: =IF(SUMPRODUCT(('Matriz Criterios'!$H$33:$S$33="X")*ISNUMBER('Registro Notas'!$D8:$O8))=0, "-", SUMPRODUCT(('Matriz Criterios'!$H$33:$S$33="X")*ISNUMBER('Registro Notas'!$D8:$O8)*'Registro Notas'!$D8:$O8)/SUMPRODUCT(('Matriz Criterios'!$H$33:$S$33="X")*ISNUMBER('Registro Notas'!$D8:$O8))) | AE8: =IF(SUMPRODUCT(('Matriz Criterios'!$H$34:$S$34="X")*ISNUMBER('Registro Notas'!$D8:$O8))=0, "-", SUMPRODUCT(('Matriz Criterios'!$H$34:$S$34="X")*ISNUMBER('Registro Notas'!$D8:$O8)*'Registro Notas'!$D8:$O8)/SUMPRODUCT(('Matriz Criterios'!$H$34:$S$34="X")*ISNUMBER('Registro Notas'!$D8:$O8))) | AF8: =IF(SUMPRODUCT(('Matriz Criterios'!$H$35:$S$35="X")*ISNUMBER('Registro Notas'!$D8:$O8))=0, "-", SUMPRODUCT(('Matriz Criterios'!$H$35:$S$35="X")*ISNUMBER('Registro Notas'!$D8:$O8)*'Registro Notas'!$D8:$O8)/SUMPRODUCT(('Matriz Criterios'!$H$35:$S$35="X")*ISNUMBER('Registro Notas'!$D8:$O8))) | AG8: =IF(SUMPRODUCT(('Matriz Criterios'!$H$36:$S$36="X")*ISNUMBER('Registro Notas'!$D8:$O8))=0, "-", SUMPRODUCT(('Matriz Criterios'!$H$36:$S$36="X")*ISNUMBER('Registro Notas'!$D8:$O8)*'Registro Notas'!$D8:$O8)/SUMPRODUCT(('Matriz Criterios'!$H$36:$S$36="X")*ISNUMBER('Registro Notas'!$D8:$O8))) | AH8: =IF(SUMPRODUCT(('Matriz Criterios'!$H$37:$S$37="X")*ISNUMBER('Registro Notas'!$D8:$O8))=0, "-", SUMPRODUCT(('Matriz Criterios'!$H$37:$S$37="X")*ISNUMBER('Registro Notas'!$D8:$O8)*'Registro Notas'!$D8:$O8)/SUMPRODUCT(('Matriz Criterios'!$H$37:$S$37="X")*ISNUMBER('Registro Notas'!$D8:$O8))) | AI8: =IF(SUMPRODUCT(('Matriz Criterios'!$H$38:$S$38="X")*ISNUMBER('Registro Notas'!$D8:$O8))=0, "-", SUMPRODUCT(('Matriz Criterios'!$H$38:$S$38="X")*ISNUMBER('Registro Notas'!$D8:$O8)*'Registro Notas'!$D8:$O8)/SUMPRODUCT(('Matriz Criterios'!$H$38:$S$38="X")*ISNUMBER('Registro Notas'!$D8:$O8))) | AJ8: =IF(SUMPRODUCT(('Matriz Criterios'!$H$39:$S$39="X")*ISNUMBER('Registro Notas'!$D8:$O8))=0, "-", SUMPRODUCT(('Matriz Criterios'!$H$39:$S$39="X")*ISNUMBER('Registro Notas'!$D8:$O8)*'Registro Notas'!$D8:$O8)/SUMPRODUCT(('Matriz Criterios'!$H$39:$S$39="X")*ISNUMBER('Registro Notas'!$D8:$O8))) | AK8: =AVERAGE(C8:AJ8) | AL8: =COUNTIF(C8:AJ8, ">=5")
A9: 4 | B9: Delgado Santos, Alejandro | C9: =IF(SUMPRODUCT(('Matriz Criterios'!$H$6:$S$6="X")*ISNUMBER('Registro Notas'!$D9:$O9))=0, "-", SUMPRODUCT(('Matriz Criterios'!$H$6:$S$6="X")*ISNUMBER('Registro Notas'!$D9:$O9)*'Registro Notas'!$D9:$O9)/SUMPRODUCT(('Matriz Criterios'!$H$6:$S$6="X")*ISNUMBER('Registro Notas'!$D9:$O9))) | D9: =IF(SUMPRODUCT(('Matriz Criterios'!$H$7:$S$7="X")*ISNUMBER('Registro Notas'!$D9:$O9))=0, "-", SUMPRODUCT(('Matriz Criterios'!$H$7:$S$7="X")*ISNUMBER('Registro Notas'!$D9:$O9)*'Registro Notas'!$D9:$O9)/SUMPRODUCT(('Matriz Criterios'!$H$7:$S$7="X")*ISNUMBER('Registro Notas'!$D9:$O9))) | E9: =IF(SUMPRODUCT(('Matriz Criterios'!$H$8:$S$8="X")*ISNUMBER('Registro Notas'!$D9:$O9))=0, "-", SUMPRODUCT(('Matriz Criterios'!$H$8:$S$8="X")*ISNUMBER('Registro Notas'!$D9:$O9)*'Registro Notas'!$D9:$O9)/SUMPRODUCT(('Matriz Criterios'!$H$8:$S$8="X")*ISNUMBER('Registro Notas'!$D9:$O9))) | F9: =IF(SUMPRODUCT(('Matriz Criterios'!$H$9:$S$9="X")*ISNUMBER('Registro Notas'!$D9:$O9))=0, "-", SUMPRODUCT(('Matriz Criterios'!$H$9:$S$9="X")*ISNUMBER('Registro Notas'!$D9:$O9)*'Registro Notas'!$D9:$O9)/SUMPRODUCT(('Matriz Criterios'!$H$9:$S$9="X")*ISNUMBER('Registro Notas'!$D9:$O9))) | G9: =IF(SUMPRODUCT(('Matriz Criterios'!$H$10:$S$10="X")*ISNUMBER('Registro Notas'!$D9:$O9))=0, "-", SUMPRODUCT(('Matriz Criterios'!$H$10:$S$10="X")*ISNUMBER('Registro Notas'!$D9:$O9)*'Registro Notas'!$D9:$O9)/SUMPRODUCT(('Matriz Criterios'!$H$10:$S$10="X")*ISNUMBER('Registro Notas'!$D9:$O9))) | H9: =IF(SUMPRODUCT(('Matriz Criterios'!$H$11:$S$11="X")*ISNUMBER('Registro Notas'!$D9:$O9))=0, "-", SUMPRODUCT(('Matriz Criterios'!$H$11:$S$11="X")*ISNUMBER('Registro Notas'!$D9:$O9)*'Registro Notas'!$D9:$O9)/SUMPRODUCT(('Matriz Criterios'!$H$11:$S$11="X")*ISNUMBER('Registro Notas'!$D9:$O9))) | I9: =IF(SUMPRODUCT(('Matriz Criterios'!$H$12:$S$12="X")*ISNUMBER('Registro Notas'!$D9:$O9))=0, "-", SUMPRODUCT(('Matriz Criterios'!$H$12:$S$12="X")*ISNUMBER('Registro Notas'!$D9:$O9)*'Registro Notas'!$D9:$O9)/SUMPRODUCT(('Matriz Criterios'!$H$12:$S$12="X")*ISNUMBER('Registro Notas'!$D9:$O9))) | J9: =IF(SUMPRODUCT(('Matriz Criterios'!$H$13:$S$13="X")*ISNUMBER('Registro Notas'!$D9:$O9))=0, "-", SUMPRODUCT(('Matriz Criterios'!$H$13:$S$13="X")*ISNUMBER('Registro Notas'!$D9:$O9)*'Registro Notas'!$D9:$O9)/SUMPRODUCT(('Matriz Criterios'!$H$13:$S$13="X")*ISNUMBER('Registro Notas'!$D9:$O9))) | K9: =IF(SUMPRODUCT(('Matriz Criterios'!$H$14:$S$14="X")*ISNUMBER('Registro Notas'!$D9:$O9))=0, "-", SUMPRODUCT(('Matriz Criterios'!$H$14:$S$14="X")*ISNUMBER('Registro Notas'!$D9:$O9)*'Registro Notas'!$D9:$O9)/SUMPRODUCT(('Matriz Criterios'!$H$14:$S$14="X")*ISNUMBER('Registro Notas'!$D9:$O9))) | L9: =IF(SUMPRODUCT(('Matriz Criterios'!$H$15:$S$15="X")*ISNUMBER('Registro Notas'!$D9:$O9))=0, "-", SUMPRODUCT(('Matriz Criterios'!$H$15:$S$15="X")*ISNUMBER('Registro Notas'!$D9:$O9)*'Registro Notas'!$D9:$O9)/SUMPRODUCT(('Matriz Criterios'!$H$15:$S$15="X")*ISNUMBER('Registro Notas'!$D9:$O9))) | M9: =IF(SUMPRODUCT(('Matriz Criterios'!$H$16:$S$16="X")*ISNUMBER('Registro Notas'!$D9:$O9))=0, "-", SUMPRODUCT(('Matriz Criterios'!$H$16:$S$16="X")*ISNUMBER('Registro Notas'!$D9:$O9)*'Registro Notas'!$D9:$O9)/SUMPRODUCT(('Matriz Criterios'!$H$16:$S$16="X")*ISNUMBER('Registro Notas'!$D9:$O9))) | N9: =IF(SUMPRODUCT(('Matriz Criterios'!$H$17:$S$17="X")*ISNUMBER('Registro Notas'!$D9:$O9))=0, "-", SUMPRODUCT(('Matriz Criterios'!$H$17:$S$17="X")*ISNUMBER('Registro Notas'!$D9:$O9)*'Registro Notas'!$D9:$O9)/SUMPRODUCT(('Matriz Criterios'!$H$17:$S$17="X")*ISNUMBER('Registro Notas'!$D9:$O9))) | O9: =IF(SUMPRODUCT(('Matriz Criterios'!$H$18:$S$18="X")*ISNUMBER('Registro Notas'!$D9:$O9))=0, "-", SUMPRODUCT(('Matriz Criterios'!$H$18:$S$18="X")*ISNUMBER('Registro Notas'!$D9:$O9)*'Registro Notas'!$D9:$O9)/SUMPRODUCT(('Matriz Criterios'!$H$18:$S$18="X")*ISNUMBER('Registro Notas'!$D9:$O9))) | P9: =IF(SUMPRODUCT(('Matriz Criterios'!$H$19:$S$19="X")*ISNUMBER('Registro Notas'!$D9:$O9))=0, "-", SUMPRODUCT(('Matriz Criterios'!$H$19:$S$19="X")*ISNUMBER('Registro Notas'!$D9:$O9)*'Registro Notas'!$D9:$O9)/SUMPRODUCT(('Matriz Criterios'!$H$19:$S$19="X")*ISNUMBER('Registro Notas'!$D9:$O9))) | Q9: =IF(SUMPRODUCT(('Matriz Criterios'!$H$20:$S$20="X")*ISNUMBER('Registro Notas'!$D9:$O9))=0, "-", SUMPRODUCT(('Matriz Criterios'!$H$20:$S$20="X")*ISNUMBER('Registro Notas'!$D9:$O9)*'Registro Notas'!$D9:$O9)/SUMPRODUCT(('Matriz Criterios'!$H$20:$S$20="X")*ISNUMBER('Registro Notas'!$D9:$O9))) | R9: =IF(SUMPRODUCT(('Matriz Criterios'!$H$21:$S$21="X")*ISNUMBER('Registro Notas'!$D9:$O9))=0, "-", SUMPRODUCT(('Matriz Criterios'!$H$21:$S$21="X")*ISNUMBER('Registro Notas'!$D9:$O9)*'Registro Notas'!$D9:$O9)/SUMPRODUCT(('Matriz Criterios'!$H$21:$S$21="X")*ISNUMBER('Registro Notas'!$D9:$O9))) | S9: =IF(SUMPRODUCT(('Matriz Criterios'!$H$22:$S$22="X")*ISNUMBER('Registro Notas'!$D9:$O9))=0, "-", SUMPRODUCT(('Matriz Criterios'!$H$22:$S$22="X")*ISNUMBER('Registro Notas'!$D9:$O9)*'Registro Notas'!$D9:$O9)/SUMPRODUCT(('Matriz Criterios'!$H$22:$S$22="X")*ISNUMBER('Registro Notas'!$D9:$O9))) | T9: =IF(SUMPRODUCT(('Matriz Criterios'!$H$23:$S$23="X")*ISNUMBER('Registro Notas'!$D9:$O9))=0, "-", SUMPRODUCT(('Matriz Criterios'!$H$23:$S$23="X")*ISNUMBER('Registro Notas'!$D9:$O9)*'Registro Notas'!$D9:$O9)/SUMPRODUCT(('Matriz Criterios'!$H$23:$S$23="X")*ISNUMBER('Registro Notas'!$D9:$O9))) | U9: =IF(SUMPRODUCT(('Matriz Criterios'!$H$24:$S$24="X")*ISNUMBER('Registro Notas'!$D9:$O9))=0, "-", SUMPRODUCT(('Matriz Criterios'!$H$24:$S$24="X")*ISNUMBER('Registro Notas'!$D9:$O9)*'Registro Notas'!$D9:$O9)/SUMPRODUCT(('Matriz Criterios'!$H$24:$S$24="X")*ISNUMBER('Registro Notas'!$D9:$O9))) | V9: =IF(SUMPRODUCT(('Matriz Criterios'!$H$25:$S$25="X")*ISNUMBER('Registro Notas'!$D9:$O9))=0, "-", SUMPRODUCT(('Matriz Criterios'!$H$25:$S$25="X")*ISNUMBER('Registro Notas'!$D9:$O9)*'Registro Notas'!$D9:$O9)/SUMPRODUCT(('Matriz Criterios'!$H$25:$S$25="X")*ISNUMBER('Registro Notas'!$D9:$O9))) | W9: =IF(SUMPRODUCT(('Matriz Criterios'!$H$26:$S$26="X")*ISNUMBER('Registro Notas'!$D9:$O9))=0, "-", SUMPRODUCT(('Matriz Criterios'!$H$26:$S$26="X")*ISNUMBER('Registro Notas'!$D9:$O9)*'Registro Notas'!$D9:$O9)/SUMPRODUCT(('Matriz Criterios'!$H$26:$S$26="X")*ISNUMBER('Registro Notas'!$D9:$O9))) | X9: =IF(SUMPRODUCT(('Matriz Criterios'!$H$27:$S$27="X")*ISNUMBER('Registro Notas'!$D9:$O9))=0, "-", SUMPRODUCT(('Matriz Criterios'!$H$27:$S$27="X")*ISNUMBER('Registro Notas'!$D9:$O9)*'Registro Notas'!$D9:$O9)/SUMPRODUCT(('Matriz Criterios'!$H$27:$S$27="X")*ISNUMBER('Registro Notas'!$D9:$O9))) | Y9: =IF(SUMPRODUCT(('Matriz Criterios'!$H$28:$S$28="X")*ISNUMBER('Registro Notas'!$D9:$O9))=0, "-", SUMPRODUCT(('Matriz Criterios'!$H$28:$S$28="X")*ISNUMBER('Registro Notas'!$D9:$O9)*'Registro Notas'!$D9:$O9)/SUMPRODUCT(('Matriz Criterios'!$H$28:$S$28="X")*ISNUMBER('Registro Notas'!$D9:$O9))) | Z9: =IF(SUMPRODUCT(('Matriz Criterios'!$H$29:$S$29="X")*ISNUMBER('Registro Notas'!$D9:$O9))=0, "-", SUMPRODUCT(('Matriz Criterios'!$H$29:$S$29="X")*ISNUMBER('Registro Notas'!$D9:$O9)*'Registro Notas'!$D9:$O9)/SUMPRODUCT(('Matriz Criterios'!$H$29:$S$29="X")*ISNUMBER('Registro Notas'!$D9:$O9))) | AA9: =IF(SUMPRODUCT(('Matriz Criterios'!$H$30:$S$30="X")*ISNUMBER('Registro Notas'!$D9:$O9))=0, "-", SUMPRODUCT(('Matriz Criterios'!$H$30:$S$30="X")*ISNUMBER('Registro Notas'!$D9:$O9)*'Registro Notas'!$D9:$O9)/SUMPRODUCT(('Matriz Criterios'!$H$30:$S$30="X")*ISNUMBER('Registro Notas'!$D9:$O9))) | AB9: =IF(SUMPRODUCT(('Matriz Criterios'!$H$31:$S$31="X")*ISNUMBER('Registro Notas'!$D9:$O9))=0, "-", SUMPRODUCT(('Matriz Criterios'!$H$31:$S$31="X")*ISNUMBER('Registro Notas'!$D9:$O9)*'Registro Notas'!$D9:$O9)/SUMPRODUCT(('Matriz Criterios'!$H$31:$S$31="X")*ISNUMBER('Registro Notas'!$D9:$O9))) | AC9: =IF(SUMPRODUCT(('Matriz Criterios'!$H$32:$S$32="X")*ISNUMBER('Registro Notas'!$D9:$O9))=0, "-", SUMPRODUCT(('Matriz Criterios'!$H$32:$S$32="X")*ISNUMBER('Registro Notas'!$D9:$O9)*'Registro Notas'!$D9:$O9)/SUMPRODUCT(('Matriz Criterios'!$H$32:$S$32="X")*ISNUMBER('Registro Notas'!$D9:$O9))) | AD9: =IF(SUMPRODUCT(('Matriz Criterios'!$H$33:$S$33="X")*ISNUMBER('Registro Notas'!$D9:$O9))=0, "-", SUMPRODUCT(('Matriz Criterios'!$H$33:$S$33="X")*ISNUMBER('Registro Notas'!$D9:$O9)*'Registro Notas'!$D9:$O9)/SUMPRODUCT(('Matriz Criterios'!$H$33:$S$33="X")*ISNUMBER('Registro Notas'!$D9:$O9))) | AE9: =IF(SUMPRODUCT(('Matriz Criterios'!$H$34:$S$34="X")*ISNUMBER('Registro Notas'!$D9:$O9))=0, "-", SUMPRODUCT(('Matriz Criterios'!$H$34:$S$34="X")*ISNUMBER('Registro Notas'!$D9:$O9)*'Registro Notas'!$D9:$O9)/SUMPRODUCT(('Matriz Criterios'!$H$34:$S$34="X")*ISNUMBER('Registro Notas'!$D9:$O9))) | AF9: =IF(SUMPRODUCT(('Matriz Criterios'!$H$35:$S$35="X")*ISNUMBER('Registro Notas'!$D9:$O9))=0, "-", SUMPRODUCT(('Matriz Criterios'!$H$35:$S$35="X")*ISNUMBER('Registro Notas'!$D9:$O9)*'Registro Notas'!$D9:$O9)/SUMPRODUCT(('Matriz Criterios'!$H$35:$S$35="X")*ISNUMBER('Registro Notas'!$D9:$O9))) | AG9: =IF(SUMPRODUCT(('Matriz Criterios'!$H$36:$S$36="X")*ISNUMBER('Registro Notas'!$D9:$O9))=0, "-", SUMPRODUCT(('Matriz Criterios'!$H$36:$S$36="X")*ISNUMBER('Registro Notas'!$D9:$O9)*'Registro Notas'!$D9:$O9)/SUMPRODUCT(('Matriz Criterios'!$H$36:$S$36="X")*ISNUMBER('Registro Notas'!$D9:$O9))) | AH9: =IF(SUMPRODUCT(('Matriz Criterios'!$H$37:$S$37="X")*ISNUMBER('Registro Notas'!$D9:$O9))=0, "-", SUMPRODUCT(('Matriz Criterios'!$H$37:$S$37="X")*ISNUMBER('Registro Notas'!$D9:$O9)*'Registro Notas'!$D9:$O9)/SUMPRODUCT(('Matriz Criterios'!$H$37:$S$37="X")*ISNUMBER('Registro Notas'!$D9:$O9))) | AI9: =IF(SUMPRODUCT(('Matriz Criterios'!$H$38:$S$38="X")*ISNUMBER('Registro Notas'!$D9:$O9))=0, "-", SUMPRODUCT(('Matriz Criterios'!$H$38:$S$38="X")*ISNUMBER('Registro Notas'!$D9:$O9)*'Registro Notas'!$D9:$O9)/SUMPRODUCT(('Matriz Criterios'!$H$38:$S$38="X")*ISNUMBER('Registro Notas'!$D9:$O9))) | AJ9: =IF(SUMPRODUCT(('Matriz Criterios'!$H$39:$S$39="X")*ISNUMBER('Registro Notas'!$D9:$O9))=0, "-", SUMPRODUCT(('Matriz Criterios'!$H$39:$S$39="X")*ISNUMBER('Registro Notas'!$D9:$O9)*'Registro Notas'!$D9:$O9)/SUMPRODUCT(('Matriz Criterios'!$H$39:$S$39="X")*ISNUMBER('Registro Notas'!$D9:$O9))) | AK9: =AVERAGE(C9:AJ9) | AL9: =COUNTIF(C9:AJ9, ">=5")
A10: 5 | B10: Fernández Navarro, Lucía | C10: =IF(SUMPRODUCT(('Matriz Criterios'!$H$6:$S$6="X")*ISNUMBER('Registro Notas'!$D10:$O10))=0, "-", SUMPRODUCT(('Matriz Criterios'!$H$6:$S$6="X")*ISNUMBER('Registro Notas'!$D10:$O10)*'Registro Notas'!$D10:$O10)/SUMPRODUCT(('Matriz Criterios'!$H$6:$S$6="X")*ISNUMBER('Registro Notas'!$D10:$O10))) | D10: =IF(SUMPRODUCT(('Matriz Criterios'!$H$7:$S$7="X")*ISNUMBER('Registro Notas'!$D10:$O10))=0, "-", SUMPRODUCT(('Matriz Criterios'!$H$7:$S$7="X")*ISNUMBER('Registro Notas'!$D10:$O10)*'Registro Notas'!$D10:$O10)/SUMPRODUCT(('Matriz Criterios'!$H$7:$S$7="X")*ISNUMBER('Registro Notas'!$D10:$O10))) | E10: =IF(SUMPRODUCT(('Matriz Criterios'!$H$8:$S$8="X")*ISNUMBER('Registro Notas'!$D10:$O10))=0, "-", SUMPRODUCT(('Matriz Criterios'!$H$8:$S$8="X")*ISNUMBER('Registro Notas'!$D10:$O10)*'Registro Notas'!$D10:$O10)/SUMPRODUCT(('Matriz Criterios'!$H$8:$S$8="X")*ISNUMBER('Registro Notas'!$D10:$O10))) | F10: =IF(SUMPRODUCT(('Matriz Criterios'!$H$9:$S$9="X")*ISNUMBER('Registro Notas'!$D10:$O10))=0, "-", SUMPRODUCT(('Matriz Criterios'!$H$9:$S$9="X")*ISNUMBER('Registro Notas'!$D10:$O10)*'Registro Notas'!$D10:$O10)/SUMPRODUCT(('Matriz Criterios'!$H$9:$S$9="X")*ISNUMBER('Registro Notas'!$D10:$O10))) | G10: =IF(SUMPRODUCT(('Matriz Criterios'!$H$10:$S$10="X")*ISNUMBER('Registro Notas'!$D10:$O10))=0, "-", SUMPRODUCT(('Matriz Criterios'!$H$10:$S$10="X")*ISNUMBER('Registro Notas'!$D10:$O10)*'Registro Notas'!$D10:$O10)/SUMPRODUCT(('Matriz Criterios'!$H$10:$S$10="X")*ISNUMBER('Registro Notas'!$D10:$O10))) | H10: =IF(SUMPRODUCT(('Matriz Criterios'!$H$11:$S$11="X")*ISNUMBER('Registro Notas'!$D10:$O10))=0, "-", SUMPRODUCT(('Matriz Criterios'!$H$11:$S$11="X")*ISNUMBER('Registro Notas'!$D10:$O10)*'Registro Notas'!$D10:$O10)/SUMPRODUCT(('Matriz Criterios'!$H$11:$S$11="X")*ISNUMBER('Registro Notas'!$D10:$O10))) | I10: =IF(SUMPRODUCT(('Matriz Criterios'!$H$12:$S$12="X")*ISNUMBER('Registro Notas'!$D10:$O10))=0, "-", SUMPRODUCT(('Matriz Criterios'!$H$12:$S$12="X")*ISNUMBER('Registro Notas'!$D10:$O10)*'Registro Notas'!$D10:$O10)/SUMPRODUCT(('Matriz Criterios'!$H$12:$S$12="X")*ISNUMBER('Registro Notas'!$D10:$O10))) | J10: =IF(SUMPRODUCT(('Matriz Criterios'!$H$13:$S$13="X")*ISNUMBER('Registro Notas'!$D10:$O10))=0, "-", SUMPRODUCT(('Matriz Criterios'!$H$13:$S$13="X")*ISNUMBER('Registro Notas'!$D10:$O10)*'Registro Notas'!$D10:$O10)/SUMPRODUCT(('Matriz Criterios'!$H$13:$S$13="X")*ISNUMBER('Registro Notas'!$D10:$O10))) | K10: =IF(SUMPRODUCT(('Matriz Criterios'!$H$14:$S$14="X")*ISNUMBER('Registro Notas'!$D10:$O10))=0, "-", SUMPRODUCT(('Matriz Criterios'!$H$14:$S$14="X")*ISNUMBER('Registro Notas'!$D10:$O10)*'Registro Notas'!$D10:$O10)/SUMPRODUCT(('Matriz Criterios'!$H$14:$S$14="X")*ISNUMBER('Registro Notas'!$D10:$O10))) | L10: =IF(SUMPRODUCT(('Matriz Criterios'!$H$15:$S$15="X")*ISNUMBER('Registro Notas'!$D10:$O10))=0, "-", SUMPRODUCT(('Matriz Criterios'!$H$15:$S$15="X")*ISNUMBER('Registro Notas'!$D10:$O10)*'Registro Notas'!$D10:$O10)/SUMPRODUCT(('Matriz Criterios'!$H$15:$S$15="X")*ISNUMBER('Registro Notas'!$D10:$O10))) | M10: =IF(SUMPRODUCT(('Matriz Criterios'!$H$16:$S$16="X")*ISNUMBER('Registro Notas'!$D10:$O10))=0, "-", SUMPRODUCT(('Matriz Criterios'!$H$16:$S$16="X")*ISNUMBER('Registro Notas'!$D10:$O10)*'Registro Notas'!$D10:$O10)/SUMPRODUCT(('Matriz Criterios'!$H$16:$S$16="X")*ISNUMBER('Registro Notas'!$D10:$O10))) | N10: =IF(SUMPRODUCT(('Matriz Criterios'!$H$17:$S$17="X")*ISNUMBER('Registro Notas'!$D10:$O10))=0, "-", SUMPRODUCT(('Matriz Criterios'!$H$17:$S$17="X")*ISNUMBER('Registro Notas'!$D10:$O10)*'Registro Notas'!$D10:$O10)/SUMPRODUCT(('Matriz Criterios'!$H$17:$S$17="X")*ISNUMBER('Registro Notas'!$D10:$O10))) | O10: =IF(SUMPRODUCT(('Matriz Criterios'!$H$18:$S$18="X")*ISNUMBER('Registro Notas'!$D10:$O10))=0, "-", SUMPRODUCT(('Matriz Criterios'!$H$18:$S$18="X")*ISNUMBER('Registro Notas'!$D10:$O10)*'Registro Notas'!$D10:$O10)/SUMPRODUCT(('Matriz Criterios'!$H$18:$S$18="X")*ISNUMBER('Registro Notas'!$D10:$O10))) | P10: =IF(SUMPRODUCT(('Matriz Criterios'!$H$19:$S$19="X")*ISNUMBER('Registro Notas'!$D10:$O10))=0, "-", SUMPRODUCT(('Matriz Criterios'!$H$19:$S$19="X")*ISNUMBER('Registro Notas'!$D10:$O10)*'Registro Notas'!$D10:$O10)/SUMPRODUCT(('Matriz Criterios'!$H$19:$S$19="X")*ISNUMBER('Registro Notas'!$D10:$O10))) | Q10: =IF(SUMPRODUCT(('Matriz Criterios'!$H$20:$S$20="X")*ISNUMBER('Registro Notas'!$D10:$O10))=0, "-", SUMPRODUCT(('Matriz Criterios'!$H$20:$S$20="X")*ISNUMBER('Registro Notas'!$D10:$O10)*'Registro Notas'!$D10:$O10)/SUMPRODUCT(('Matriz Criterios'!$H$20:$S$20="X")*ISNUMBER('Registro Notas'!$D10:$O10))) | R10: =IF(SUMPRODUCT(('Matriz Criterios'!$H$21:$S$21="X")*ISNUMBER('Registro Notas'!$D10:$O10))=0, "-", SUMPRODUCT(('Matriz Criterios'!$H$21:$S$21="X")*ISNUMBER('Registro Notas'!$D10:$O10)*'Registro Notas'!$D10:$O10)/SUMPRODUCT(('Matriz Criterios'!$H$21:$S$21="X")*ISNUMBER('Registro Notas'!$D10:$O10))) | S10: =IF(SUMPRODUCT(('Matriz Criterios'!$H$22:$S$22="X")*ISNUMBER('Registro Notas'!$D10:$O10))=0, "-", SUMPRODUCT(('Matriz Criterios'!$H$22:$S$22="X")*ISNUMBER('Registro Notas'!$D10:$O10)*'Registro Notas'!$D10:$O10)/SUMPRODUCT(('Matriz Criterios'!$H$22:$S$22="X")*ISNUMBER('Registro Notas'!$D10:$O10))) | T10: =IF(SUMPRODUCT(('Matriz Criterios'!$H$23:$S$23="X")*ISNUMBER('Registro Notas'!$D10:$O10))=0, "-", SUMPRODUCT(('Matriz Criterios'!$H$23:$S$23="X")*ISNUMBER('Registro Notas'!$D10:$O10)*'Registro Notas'!$D10:$O10)/SUMPRODUCT(('Matriz Criterios'!$H$23:$S$23="X")*ISNUMBER('Registro Notas'!$D10:$O10))) | U10: =IF(SUMPRODUCT(('Matriz Criterios'!$H$24:$S$24="X")*ISNUMBER('Registro Notas'!$D10:$O10))=0, "-", SUMPRODUCT(('Matriz Criterios'!$H$24:$S$24="X")*ISNUMBER('Registro Notas'!$D10:$O10)*'Registro Notas'!$D10:$O10)/SUMPRODUCT(('Matriz Criterios'!$H$24:$S$24="X")*ISNUMBER('Registro Notas'!$D10:$O10))) | V10: =IF(SUMPRODUCT(('Matriz Criterios'!$H$25:$S$25="X")*ISNUMBER('Registro Notas'!$D10:$O10))=0, "-", SUMPRODUCT(('Matriz Criterios'!$H$25:$S$25="X")*ISNUMBER('Registro Notas'!$D10:$O10)*'Registro Notas'!$D10:$O10)/SUMPRODUCT(('Matriz Criterios'!$H$25:$S$25="X")*ISNUMBER('Registro Notas'!$D10:$O10))) | W10: =IF(SUMPRODUCT(('Matriz Criterios'!$H$26:$S$26="X")*ISNUMBER('Registro Notas'!$D10:$O10))=0, "-", SUMPRODUCT(('Matriz Criterios'!$H$26:$S$26="X")*ISNUMBER('Registro Notas'!$D10:$O10)*'Registro Notas'!$D10:$O10)/SUMPRODUCT(('Matriz Criterios'!$H$26:$S$26="X")*ISNUMBER('Registro Notas'!$D10:$O10))) | X10: =IF(SUMPRODUCT(('Matriz Criterios'!$H$27:$S$27="X")*ISNUMBER('Registro Notas'!$D10:$O10))=0, "-", SUMPRODUCT(('Matriz Criterios'!$H$27:$S$27="X")*ISNUMBER('Registro Notas'!$D10:$O10)*'Registro Notas'!$D10:$O10)/SUMPRODUCT(('Matriz Criterios'!$H$27:$S$27="X")*ISNUMBER('Registro Notas'!$D10:$O10))) | Y10: =IF(SUMPRODUCT(('Matriz Criterios'!$H$28:$S$28="X")*ISNUMBER('Registro Notas'!$D10:$O10))=0, "-", SUMPRODUCT(('Matriz Criterios'!$H$28:$S$28="X")*ISNUMBER('Registro Notas'!$D10:$O10)*'Registro Notas'!$D10:$O10)/SUMPRODUCT(('Matriz Criterios'!$H$28:$S$28="X")*ISNUMBER('Registro Notas'!$D10:$O10))) | Z10: =IF(SUMPRODUCT(('Matriz Criterios'!$H$29:$S$29="X")*ISNUMBER('Registro Notas'!$D10:$O10))=0, "-", SUMPRODUCT(('Matriz Criterios'!$H$29:$S$29="X")*ISNUMBER('Registro Notas'!$D10:$O10)*'Registro Notas'!$D10:$O10)/SUMPRODUCT(('Matriz Criterios'!$H$29:$S$29="X")*ISNUMBER('Registro Notas'!$D10:$O10))) | AA10: =IF(SUMPRODUCT(('Matriz Criterios'!$H$30:$S$30="X")*ISNUMBER('Registro Notas'!$D10:$O10))=0, "-", SUMPRODUCT(('Matriz Criterios'!$H$30:$S$30="X")*ISNUMBER('Registro Notas'!$D10:$O10)*'Registro Notas'!$D10:$O10)/SUMPRODUCT(('Matriz Criterios'!$H$30:$S$30="X")*ISNUMBER('Registro Notas'!$D10:$O10))) | AB10: =IF(SUMPRODUCT(('Matriz Criterios'!$H$31:$S$31="X")*ISNUMBER('Registro Notas'!$D10:$O10))=0, "-", SUMPRODUCT(('Matriz Criterios'!$H$31:$S$31="X")*ISNUMBER('Registro Notas'!$D10:$O10)*'Registro Notas'!$D10:$O10)/SUMPRODUCT(('Matriz Criterios'!$H$31:$S$31="X")*ISNUMBER('Registro Notas'!$D10:$O10))) | AC10: =IF(SUMPRODUCT(('Matriz Criterios'!$H$32:$S$32="X")*ISNUMBER('Registro Notas'!$D10:$O10))=0, "-", SUMPRODUCT(('Matriz Criterios'!$H$32:$S$32="X")*ISNUMBER('Registro Notas'!$D10:$O10)*'Registro Notas'!$D10:$O10)/SUMPRODUCT(('Matriz Criterios'!$H$32:$S$32="X")*ISNUMBER('Registro Notas'!$D10:$O10))) | AD10: =IF(SUMPRODUCT(('Matriz Criterios'!$H$33:$S$33="X")*ISNUMBER('Registro Notas'!$D10:$O10))=0, "-", SUMPRODUCT(('Matriz Criterios'!$H$33:$S$33="X")*ISNUMBER('Registro Notas'!$D10:$O10)*'Registro Notas'!$D10:$O10)/SUMPRODUCT(('Matriz Criterios'!$H$33:$S$33="X")*ISNUMBER('Registro Notas'!$D10:$O10))) | AE10: =IF(SUMPRODUCT(('Matriz Criterios'!$H$34:$S$34="X")*ISNUMBER('Registro Notas'!$D10:$O10))=0, "-", SUMPRODUCT(('Matriz Criterios'!$H$34:$S$34="X")*ISNUMBER('Registro Notas'!$D10:$O10)*'Registro Notas'!$D10:$O10)/SUMPRODUCT(('Matriz Criterios'!$H$34:$S$34="X")*ISNUMBER('Registro Notas'!$D10:$O10))) | AF10: =IF(SUMPRODUCT(('Matriz Criterios'!$H$35:$S$35="X")*ISNUMBER('Registro Notas'!$D10:$O10))=0, "-", SUMPRODUCT(('Matriz Criterios'!$H$35:$S$35="X")*ISNUMBER('Registro Notas'!$D10:$O10)*'Registro Notas'!$D10:$O10)/SUMPRODUCT(('Matriz Criterios'!$H$35:$S$35="X")*ISNUMBER('Registro Notas'!$D10:$O10))) | AG10: =IF(SUMPRODUCT(('Matriz Criterios'!$H$36:$S$36="X")*ISNUMBER('Registro Notas'!$D10:$O10))=0, "-", SUMPRODUCT(('Matriz Criterios'!$H$36:$S$36="X")*ISNUMBER('Registro Notas'!$D10:$O10)*'Registro Notas'!$D10:$O10)/SUMPRODUCT(('Matriz Criterios'!$H$36:$S$36="X")*ISNUMBER('Registro Notas'!$D10:$O10))) | AH10: =IF(SUMPRODUCT(('Matriz Criterios'!$H$37:$S$37="X")*ISNUMBER('Registro Notas'!$D10:$O10))=0, "-", SUMPRODUCT(('Matriz Criterios'!$H$37:$S$37="X")*ISNUMBER('Registro Notas'!$D10:$O10)*'Registro Notas'!$D10:$O10)/SUMPRODUCT(('Matriz Criterios'!$H$37:$S$37="X")*ISNUMBER('Registro Notas'!$D10:$O10))) | AI10: =IF(SUMPRODUCT(('Matriz Criterios'!$H$38:$S$38="X")*ISNUMBER('Registro Notas'!$D10:$O10))=0, "-", SUMPRODUCT(('Matriz Criterios'!$H$38:$S$38="X")*ISNUMBER('Registro Notas'!$D10:$O10)*'Registro Notas'!$D10:$O10)/SUMPRODUCT(('Matriz Criterios'!$H$38:$S$38="X")*ISNUMBER('Registro Notas'!$D10:$O10))) | AJ10: =IF(SUMPRODUCT(('Matriz Criterios'!$H$39:$S$39="X")*ISNUMBER('Registro Notas'!$D10:$O10))=0, "-", SUMPRODUCT(('Matriz Criterios'!$H$39:$S$39="X")*ISNUMBER('Registro Notas'!$D10:$O10)*'Registro Notas'!$D10:$O10)/SUMPRODUCT(('Matriz Criterios'!$H$39:$S$39="X")*ISNUMBER('Registro Notas'!$D10:$O10))) | AK10: =AVERAGE(C10:AJ10) | AL10: =COUNTIF(C10:AJ10, ">=5")
A11: 6 | B11: García Serrano, David | C11: =IF(SUMPRODUCT(('Matriz Criterios'!$H$6:$S$6="X")*ISNUMBER('Registro Notas'!$D11:$O11))=0, "-", SUMPRODUCT(('Matriz Criterios'!$H$6:$S$6="X")*ISNUMBER('Registro Notas'!$D11:$O11)*'Registro Notas'!$D11:$O11)/SUMPRODUCT(('Matriz Criterios'!$H$6:$S$6="X")*ISNUMBER('Registro Notas'!$D11:$O11))) | D11: =IF(SUMPRODUCT(('Matriz Criterios'!$H$7:$S$7="X")*ISNUMBER('Registro Notas'!$D11:$O11))=0, "-", SUMPRODUCT(('Matriz Criterios'!$H$7:$S$7="X")*ISNUMBER('Registro Notas'!$D11:$O11)*'Registro Notas'!$D11:$O11)/SUMPRODUCT(('Matriz Criterios'!$H$7:$S$7="X")*ISNUMBER('Registro Notas'!$D11:$O11))) | E11: =IF(SUMPRODUCT(('Matriz Criterios'!$H$8:$S$8="X")*ISNUMBER('Registro Notas'!$D11:$O11))=0, "-", SUMPRODUCT(('Matriz Criterios'!$H$8:$S$8="X")*ISNUMBER('Registro Notas'!$D11:$O11)*'Registro Notas'!$D11:$O11)/SUMPRODUCT(('Matriz Criterios'!$H$8:$S$8="X")*ISNUMBER('Registro Notas'!$D11:$O11))) | F11: =IF(SUMPRODUCT(('Matriz Criterios'!$H$9:$S$9="X")*ISNUMBER('Registro Notas'!$D11:$O11))=0, "-", SUMPRODUCT(('Matriz Criterios'!$H$9:$S$9="X")*ISNUMBER('Registro Notas'!$D11:$O11)*'Registro Notas'!$D11:$O11)/SUMPRODUCT(('Matriz Criterios'!$H$9:$S$9="X")*ISNUMBER('Registro Notas'!$D11:$O11))) | G11: =IF(SUMPRODUCT(('Matriz Criterios'!$H$10:$S$10="X")*ISNUMBER('Registro Notas'!$D11:$O11))=0, "-", SUMPRODUCT(('Matriz Criterios'!$H$10:$S$10="X")*ISNUMBER('Registro Notas'!$D11:$O11)*'Registro Notas'!$D11:$O11)/SUMPRODUCT(('Matriz Criterios'!$H$10:$S$10="X")*ISNUMBER('Registro Notas'!$D11:$O11))) | H11: =IF(SUMPRODUCT(('Matriz Criterios'!$H$11:$S$11="X")*ISNUMBER('Registro Notas'!$D11:$O11))=0, "-", SUMPRODUCT(('Matriz Criterios'!$H$11:$S$11="X")*ISNUMBER('Registro Notas'!$D11:$O11)*'Registro Notas'!$D11:$O11)/SUMPRODUCT(('Matriz Criterios'!$H$11:$S$11="X")*ISNUMBER('Registro Notas'!$D11:$O11))) | I11: =IF(SUMPRODUCT(('Matriz Criterios'!$H$12:$S$12="X")*ISNUMBER('Registro Notas'!$D11:$O11))=0, "-", SUMPRODUCT(('Matriz Criterios'!$H$12:$S$12="X")*ISNUMBER('Registro Notas'!$D11:$O11)*'Registro Notas'!$D11:$O11)/SUMPRODUCT(('Matriz Criterios'!$H$12:$S$12="X")*ISNUMBER('Registro Notas'!$D11:$O11))) | J11: =IF(SUMPRODUCT(('Matriz Criterios'!$H$13:$S$13="X")*ISNUMBER('Registro Notas'!$D11:$O11))=0, "-", SUMPRODUCT(('Matriz Criterios'!$H$13:$S$13="X")*ISNUMBER('Registro Notas'!$D11:$O11)*'Registro Notas'!$D11:$O11)/SUMPRODUCT(('Matriz Criterios'!$H$13:$S$13="X")*ISNUMBER('Registro Notas'!$D11:$O11))) | K11: =IF(SUMPRODUCT(('Matriz Criterios'!$H$14:$S$14="X")*ISNUMBER('Registro Notas'!$D11:$O11))=0, "-", SUMPRODUCT(('Matriz Criterios'!$H$14:$S$14="X")*ISNUMBER('Registro Notas'!$D11:$O11)*'Registro Notas'!$D11:$O11)/SUMPRODUCT(('Matriz Criterios'!$H$14:$S$14="X")*ISNUMBER('Registro Notas'!$D11:$O11))) | L11: =IF(SUMPRODUCT(('Matriz Criterios'!$H$15:$S$15="X")*ISNUMBER('Registro Notas'!$D11:$O11))=0, "-", SUMPRODUCT(('Matriz Criterios'!$H$15:$S$15="X")*ISNUMBER('Registro Notas'!$D11:$O11)*'Registro Notas'!$D11:$O11)/SUMPRODUCT(('Matriz Criterios'!$H$15:$S$15="X")*ISNUMBER('Registro Notas'!$D11:$O11))) | M11: =IF(SUMPRODUCT(('Matriz Criterios'!$H$16:$S$16="X")*ISNUMBER('Registro Notas'!$D11:$O11))=0, "-", SUMPRODUCT(('Matriz Criterios'!$H$16:$S$16="X")*ISNUMBER('Registro Notas'!$D11:$O11)*'Registro Notas'!$D11:$O11)/SUMPRODUCT(('Matriz Criterios'!$H$16:$S$16="X")*ISNUMBER('Registro Notas'!$D11:$O11))) | N11: =IF(SUMPRODUCT(('Matriz Criterios'!$H$17:$S$17="X")*ISNUMBER('Registro Notas'!$D11:$O11))=0, "-", SUMPRODUCT(('Matriz Criterios'!$H$17:$S$17="X")*ISNUMBER('Registro Notas'!$D11:$O11)*'Registro Notas'!$D11:$O11)/SUMPRODUCT(('Matriz Criterios'!$H$17:$S$17="X")*ISNUMBER('Registro Notas'!$D11:$O11))) | O11: =IF(SUMPRODUCT(('Matriz Criterios'!$H$18:$S$18="X")*ISNUMBER('Registro Notas'!$D11:$O11))=0, "-", SUMPRODUCT(('Matriz Criterios'!$H$18:$S$18="X")*ISNUMBER('Registro Notas'!$D11:$O11)*'Registro Notas'!$D11:$O11)/SUMPRODUCT(('Matriz Criterios'!$H$18:$S$18="X")*ISNUMBER('Registro Notas'!$D11:$O11))) | P11: =IF(SUMPRODUCT(('Matriz Criterios'!$H$19:$S$19="X")*ISNUMBER('Registro Notas'!$D11:$O11))=0, "-", SUMPRODUCT(('Matriz Criterios'!$H$19:$S$19="X")*ISNUMBER('Registro Notas'!$D11:$O11)*'Registro Notas'!$D11:$O11)/SUMPRODUCT(('Matriz Criterios'!$H$19:$S$19="X")*ISNUMBER('Registro Notas'!$D11:$O11))) | Q11: =IF(SUMPRODUCT(('Matriz Criterios'!$H$20:$S$20="X")*ISNUMBER('Registro Notas'!$D11:$O11))=0, "-", SUMPRODUCT(('Matriz Criterios'!$H$20:$S$20="X")*ISNUMBER('Registro Notas'!$D11:$O11)*'Registro Notas'!$D11:$O11)/SUMPRODUCT(('Matriz Criterios'!$H$20:$S$20="X")*ISNUMBER('Registro Notas'!$D11:$O11))) | R11: =IF(SUMPRODUCT(('Matriz Criterios'!$H$21:$S$21="X")*ISNUMBER('Registro Notas'!$D11:$O11))=0, "-", SUMPRODUCT(('Matriz Criterios'!$H$21:$S$21="X")*ISNUMBER('Registro Notas'!$D11:$O11)*'Registro Notas'!$D11:$O11)/SUMPRODUCT(('Matriz Criterios'!$H$21:$S$21="X")*ISNUMBER('Registro Notas'!$D11:$O11))) | S11: =IF(SUMPRODUCT(('Matriz Criterios'!$H$22:$S$22="X")*ISNUMBER('Registro Notas'!$D11:$O11))=0, "-", SUMPRODUCT(('Matriz Criterios'!$H$22:$S$22="X")*ISNUMBER('Registro Notas'!$D11:$O11)*'Registro Notas'!$D11:$O11)/SUMPRODUCT(('Matriz Criterios'!$H$22:$S$22="X")*ISNUMBER('Registro Notas'!$D11:$O11))) | T11: =IF(SUMPRODUCT(('Matriz Criterios'!$H$23:$S$23="X")*ISNUMBER('Registro Notas'!$D11:$O11))=0, "-", SUMPRODUCT(('Matriz Criterios'!$H$23:$S$23="X")*ISNUMBER('Registro Notas'!$D11:$O11)*'Registro Notas'!$D11:$O11)/SUMPRODUCT(('Matriz Criterios'!$H$23:$S$23="X")*ISNUMBER('Registro Notas'!$D11:$O11))) | U11: =IF(SUMPRODUCT(('Matriz Criterios'!$H$24:$S$24="X")*ISNUMBER('Registro Notas'!$D11:$O11))=0, "-", SUMPRODUCT(('Matriz Criterios'!$H$24:$S$24="X")*ISNUMBER('Registro Notas'!$D11:$O11)*'Registro Notas'!$D11:$O11)/SUMPRODUCT(('Matriz Criterios'!$H$24:$S$24="X")*ISNUMBER('Registro Notas'!$D11:$O11))) | V11: =IF(SUMPRODUCT(('Matriz Criterios'!$H$25:$S$25="X")*ISNUMBER('Registro Notas'!$D11:$O11))=0, "-", SUMPRODUCT(('Matriz Criterios'!$H$25:$S$25="X")*ISNUMBER('Registro Notas'!$D11:$O11)*'Registro Notas'!$D11:$O11)/SUMPRODUCT(('Matriz Criterios'!$H$25:$S$25="X")*ISNUMBER('Registro Notas'!$D11:$O11))) | W11: =IF(SUMPRODUCT(('Matriz Criterios'!$H$26:$S$26="X")*ISNUMBER('Registro Notas'!$D11:$O11))=0, "-", SUMPRODUCT(('Matriz Criterios'!$H$26:$S$26="X")*ISNUMBER('Registro Notas'!$D11:$O11)*'Registro Notas'!$D11:$O11)/SUMPRODUCT(('Matriz Criterios'!$H$26:$S$26="X")*ISNUMBER('Registro Notas'!$D11:$O11))) | X11: =IF(SUMPRODUCT(('Matriz Criterios'!$H$27:$S$27="X")*ISNUMBER('Registro Notas'!$D11:$O11))=0, "-", SUMPRODUCT(('Matriz Criterios'!$H$27:$S$27="X")*ISNUMBER('Registro Notas'!$D11:$O11)*'Registro Notas'!$D11:$O11)/SUMPRODUCT(('Matriz Criterios'!$H$27:$S$27="X")*ISNUMBER('Registro Notas'!$D11:$O11))) | Y11: =IF(SUMPRODUCT(('Matriz Criterios'!$H$28:$S$28="X")*ISNUMBER('Registro Notas'!$D11:$O11))=0, "-", SUMPRODUCT(('Matriz Criterios'!$H$28:$S$28="X")*ISNUMBER('Registro Notas'!$D11:$O11)*'Registro Notas'!$D11:$O11)/SUMPRODUCT(('Matriz Criterios'!$H$28:$S$28="X")*ISNUMBER('Registro Notas'!$D11:$O11))) | Z11: =IF(SUMPRODUCT(('Matriz Criterios'!$H$29:$S$29="X")*ISNUMBER('Registro Notas'!$D11:$O11))=0, "-", SUMPRODUCT(('Matriz Criterios'!$H$29:$S$29="X")*ISNUMBER('Registro Notas'!$D11:$O11)*'Registro Notas'!$D11:$O11)/SUMPRODUCT(('Matriz Criterios'!$H$29:$S$29="X")*ISNUMBER('Registro Notas'!$D11:$O11))) | AA11: =IF(SUMPRODUCT(('Matriz Criterios'!$H$30:$S$30="X")*ISNUMBER('Registro Notas'!$D11:$O11))=0, "-", SUMPRODUCT(('Matriz Criterios'!$H$30:$S$30="X")*ISNUMBER('Registro Notas'!$D11:$O11)*'Registro Notas'!$D11:$O11)/SUMPRODUCT(('Matriz Criterios'!$H$30:$S$30="X")*ISNUMBER('Registro Notas'!$D11:$O11))) | AB11: =IF(SUMPRODUCT(('Matriz Criterios'!$H$31:$S$31="X")*ISNUMBER('Registro Notas'!$D11:$O11))=0, "-", SUMPRODUCT(('Matriz Criterios'!$H$31:$S$31="X")*ISNUMBER('Registro Notas'!$D11:$O11)*'Registro Notas'!$D11:$O11)/SUMPRODUCT(('Matriz Criterios'!$H$31:$S$31="X")*ISNUMBER('Registro Notas'!$D11:$O11))) | AC11: =IF(SUMPRODUCT(('Matriz Criterios'!$H$32:$S$32="X")*ISNUMBER('Registro Notas'!$D11:$O11))=0, "-", SUMPRODUCT(('Matriz Criterios'!$H$32:$S$32="X")*ISNUMBER('Registro Notas'!$D11:$O11)*'Registro Notas'!$D11:$O11)/SUMPRODUCT(('Matriz Criterios'!$H$32:$S$32="X")*ISNUMBER('Registro Notas'!$D11:$O11))) | AD11: =IF(SUMPRODUCT(('Matriz Criterios'!$H$33:$S$33="X")*ISNUMBER('Registro Notas'!$D11:$O11))=0, "-", SUMPRODUCT(('Matriz Criterios'!$H$33:$S$33="X")*ISNUMBER('Registro Notas'!$D11:$O11)*'Registro Notas'!$D11:$O11)/SUMPRODUCT(('Matriz Criterios'!$H$33:$S$33="X")*ISNUMBER('Registro Notas'!$D11:$O11))) | AE11: =IF(SUMPRODUCT(('Matriz Criterios'!$H$34:$S$34="X")*ISNUMBER('Registro Notas'!$D11:$O11))=0, "-", SUMPRODUCT(('Matriz Criterios'!$H$34:$S$34="X")*ISNUMBER('Registro Notas'!$D11:$O11)*'Registro Notas'!$D11:$O11)/SUMPRODUCT(('Matriz Criterios'!$H$34:$S$34="X")*ISNUMBER('Registro Notas'!$D11:$O11))) | AF11: =IF(SUMPRODUCT(('Matriz Criterios'!$H$35:$S$35="X")*ISNUMBER('Registro Notas'!$D11:$O11))=0, "-", SUMPRODUCT(('Matriz Criterios'!$H$35:$S$35="X")*ISNUMBER('Registro Notas'!$D11:$O11)*'Registro Notas'!$D11:$O11)/SUMPRODUCT(('Matriz Criterios'!$H$35:$S$35="X")*ISNUMBER('Registro Notas'!$D11:$O11))) | AG11: =IF(SUMPRODUCT(('Matriz Criterios'!$H$36:$S$36="X")*ISNUMBER('Registro Notas'!$D11:$O11))=0, "-", SUMPRODUCT(('Matriz Criterios'!$H$36:$S$36="X")*ISNUMBER('Registro Notas'!$D11:$O11)*'Registro Notas'!$D11:$O11)/SUMPRODUCT(('Matriz Criterios'!$H$36:$S$36="X")*ISNUMBER('Registro Notas'!$D11:$O11))) | AH11: =IF(SUMPRODUCT(('Matriz Criterios'!$H$37:$S$37="X")*ISNUMBER('Registro Notas'!$D11:$O11))=0, "-", SUMPRODUCT(('Matriz Criterios'!$H$37:$S$37="X")*ISNUMBER('Registro Notas'!$D11:$O11)*'Registro Notas'!$D11:$O11)/SUMPRODUCT(('Matriz Criterios'!$H$37:$S$37="X")*ISNUMBER('Registro Notas'!$D11:$O11))) | AI11: =IF(SUMPRODUCT(('Matriz Criterios'!$H$38:$S$38="X")*ISNUMBER('Registro Notas'!$D11:$O11))=0, "-", SUMPRODUCT(('Matriz Criterios'!$H$38:$S$38="X")*ISNUMBER('Registro Notas'!$D11:$O11)*'Registro Notas'!$D11:$O11)/SUMPRODUCT(('Matriz Criterios'!$H$38:$S$38="X")*ISNUMBER('Registro Notas'!$D11:$O11))) | AJ11: =IF(SUMPRODUCT(('Matriz Criterios'!$H$39:$S$39="X")*ISNUMBER('Registro Notas'!$D11:$O11))=0, "-", SUMPRODUCT(('Matriz Criterios'!$H$39:$S$39="X")*ISNUMBER('Registro Notas'!$D11:$O11)*'Registro Notas'!$D11:$O11)/SUMPRODUCT(('Matriz Criterios'!$H$39:$S$39="X")*ISNUMBER('Registro Notas'!$D11:$O11))) | AK11: =AVERAGE(C11:AJ11) | AL11: =COUNTIF(C11:AJ11, ">=5")
A12: 7 | B12: Herrera Cruz, Marta | C12: =IF(SUMPRODUCT(('Matriz Criterios'!$H$6:$S$6="X")*ISNUMBER('Registro Notas'!$D12:$O12))=0, "-", SUMPRODUCT(('Matriz Criterios'!$H$6:$S$6="X")*ISNUMBER('Registro Notas'!$D12:$O12)*'Registro Notas'!$D12:$O12)/SUMPRODUCT(('Matriz Criterios'!$H$6:$S$6="X")*ISNUMBER('Registro Notas'!$D12:$O12))) | D12: =IF(SUMPRODUCT(('Matriz Criterios'!$H$7:$S$7="X")*ISNUMBER('Registro Notas'!$D12:$O12))=0, "-", SUMPRODUCT(('Matriz Criterios'!$H$7:$S$7="X")*ISNUMBER('Registro Notas'!$D12:$O12)*'Registro Notas'!$D12:$O12)/SUMPRODUCT(('Matriz Criterios'!$H$7:$S$7="X")*ISNUMBER('Registro Notas'!$D12:$O12))) | E12: =IF(SUMPRODUCT(('Matriz Criterios'!$H$8:$S$8="X")*ISNUMBER('Registro Notas'!$D12:$O12))=0, "-", SUMPRODUCT(('Matriz Criterios'!$H$8:$S$8="X")*ISNUMBER('Registro Notas'!$D12:$O12)*'Registro Notas'!$D12:$O12)/SUMPRODUCT(('Matriz Criterios'!$H$8:$S$8="X")*ISNUMBER('Registro Notas'!$D12:$O12))) | F12: =IF(SUMPRODUCT(('Matriz Criterios'!$H$9:$S$9="X")*ISNUMBER('Registro Notas'!$D12:$O12))=0, "-", SUMPRODUCT(('Matriz Criterios'!$H$9:$S$9="X")*ISNUMBER('Registro Notas'!$D12:$O12)*'Registro Notas'!$D12:$O12)/SUMPRODUCT(('Matriz Criterios'!$H$9:$S$9="X")*ISNUMBER('Registro Notas'!$D12:$O12))) | G12: =IF(SUMPRODUCT(('Matriz Criterios'!$H$10:$S$10="X")*ISNUMBER('Registro Notas'!$D12:$O12))=0, "-", SUMPRODUCT(('Matriz Criterios'!$H$10:$S$10="X")*ISNUMBER('Registro Notas'!$D12:$O12)*'Registro Notas'!$D12:$O12)/SUMPRODUCT(('Matriz Criterios'!$H$10:$S$10="X")*ISNUMBER('Registro Notas'!$D12:$O12))) | H12: =IF(SUMPRODUCT(('Matriz Criterios'!$H$11:$S$11="X")*ISNUMBER('Registro Notas'!$D12:$O12))=0, "-", SUMPRODUCT(('Matriz Criterios'!$H$11:$S$11="X")*ISNUMBER('Registro Notas'!$D12:$O12)*'Registro Notas'!$D12:$O12)/SUMPRODUCT(('Matriz Criterios'!$H$11:$S$11="X")*ISNUMBER('Registro Notas'!$D12:$O12))) | I12: =IF(SUMPRODUCT(('Matriz Criterios'!$H$12:$S$12="X")*ISNUMBER('Registro Notas'!$D12:$O12))=0, "-", SUMPRODUCT(('Matriz Criterios'!$H$12:$S$12="X")*ISNUMBER('Registro Notas'!$D12:$O12)*'Registro Notas'!$D12:$O12)/SUMPRODUCT(('Matriz Criterios'!$H$12:$S$12="X")*ISNUMBER('Registro Notas'!$D12:$O12))) | J12: =IF(SUMPRODUCT(('Matriz Criterios'!$H$13:$S$13="X")*ISNUMBER('Registro Notas'!$D12:$O12))=0, "-", SUMPRODUCT(('Matriz Criterios'!$H$13:$S$13="X")*ISNUMBER('Registro Notas'!$D12:$O12)*'Registro Notas'!$D12:$O12)/SUMPRODUCT(('Matriz Criterios'!$H$13:$S$13="X")*ISNUMBER('Registro Notas'!$D12:$O12))) | K12: =IF(SUMPRODUCT(('Matriz Criterios'!$H$14:$S$14="X")*ISNUMBER('Registro Notas'!$D12:$O12))=0, "-", SUMPRODUCT(('Matriz Criterios'!$H$14:$S$14="X")*ISNUMBER('Registro Notas'!$D12:$O12)*'Registro Notas'!$D12:$O12)/SUMPRODUCT(('Matriz Criterios'!$H$14:$S$14="X")*ISNUMBER('Registro Notas'!$D12:$O12))) | L12: =IF(SUMPRODUCT(('Matriz Criterios'!$H$15:$S$15="X")*ISNUMBER('Registro Notas'!$D12:$O12))=0, "-", SUMPRODUCT(('Matriz Criterios'!$H$15:$S$15="X")*ISNUMBER('Registro Notas'!$D12:$O12)*'Registro Notas'!$D12:$O12)/SUMPRODUCT(('Matriz Criterios'!$H$15:$S$15="X")*ISNUMBER('Registro Notas'!$D12:$O12))) | M12: =IF(SUMPRODUCT(('Matriz Criterios'!$H$16:$S$16="X")*ISNUMBER('Registro Notas'!$D12:$O12))=0, "-", SUMPRODUCT(('Matriz Criterios'!$H$16:$S$16="X")*ISNUMBER('Registro Notas'!$D12:$O12)*'Registro Notas'!$D12:$O12)/SUMPRODUCT(('Matriz Criterios'!$H$16:$S$16="X")*ISNUMBER('Registro Notas'!$D12:$O12))) | N12: =IF(SUMPRODUCT(('Matriz Criterios'!$H$17:$S$17="X")*ISNUMBER('Registro Notas'!$D12:$O12))=0, "-", SUMPRODUCT(('Matriz Criterios'!$H$17:$S$17="X")*ISNUMBER('Registro Notas'!$D12:$O12)*'Registro Notas'!$D12:$O12)/SUMPRODUCT(('Matriz Criterios'!$H$17:$S$17="X")*ISNUMBER('Registro Notas'!$D12:$O12))) | O12: =IF(SUMPRODUCT(('Matriz Criterios'!$H$18:$S$18="X")*ISNUMBER('Registro Notas'!$D12:$O12))=0, "-", SUMPRODUCT(('Matriz Criterios'!$H$18:$S$18="X")*ISNUMBER('Registro Notas'!$D12:$O12)*'Registro Notas'!$D12:$O12)/SUMPRODUCT(('Matriz Criterios'!$H$18:$S$18="X")*ISNUMBER('Registro Notas'!$D12:$O12))) | P12: =IF(SUMPRODUCT(('Matriz Criterios'!$H$19:$S$19="X")*ISNUMBER('Registro Notas'!$D12:$O12))=0, "-", SUMPRODUCT(('Matriz Criterios'!$H$19:$S$19="X")*ISNUMBER('Registro Notas'!$D12:$O12)*'Registro Notas'!$D12:$O12)/SUMPRODUCT(('Matriz Criterios'!$H$19:$S$19="X")*ISNUMBER('Registro Notas'!$D12:$O12))) | Q12: =IF(SUMPRODUCT(('Matriz Criterios'!$H$20:$S$20="X")*ISNUMBER('Registro Notas'!$D12:$O12))=0, "-", SUMPRODUCT(('Matriz Criterios'!$H$20:$S$20="X")*ISNUMBER('Registro Notas'!$D12:$O12)*'Registro Notas'!$D12:$O12)/SUMPRODUCT(('Matriz Criterios'!$H$20:$S$20="X")*ISNUMBER('Registro Notas'!$D12:$O12))) | R12: =IF(SUMPRODUCT(('Matriz Criterios'!$H$21:$S$21="X")*ISNUMBER('Registro Notas'!$D12:$O12))=0, "-", SUMPRODUCT(('Matriz Criterios'!$H$21:$S$21="X")*ISNUMBER('Registro Notas'!$D12:$O12)*'Registro Notas'!$D12:$O12)/SUMPRODUCT(('Matriz Criterios'!$H$21:$S$21="X")*ISNUMBER('Registro Notas'!$D12:$O12))) | S12: =IF(SUMPRODUCT(('Matriz Criterios'!$H$22:$S$22="X")*ISNUMBER('Registro Notas'!$D12:$O12))=0, "-", SUMPRODUCT(('Matriz Criterios'!$H$22:$S$22="X")*ISNUMBER('Registro Notas'!$D12:$O12)*'Registro Notas'!$D12:$O12)/SUMPRODUCT(('Matriz Criterios'!$H$22:$S$22="X")*ISNUMBER('Registro Notas'!$D12:$O12))) | T12: =IF(SUMPRODUCT(('Matriz Criterios'!$H$23:$S$23="X")*ISNUMBER('Registro Notas'!$D12:$O12))=0, "-", SUMPRODUCT(('Matriz Criterios'!$H$23:$S$23="X")*ISNUMBER('Registro Notas'!$D12:$O12)*'Registro Notas'!$D12:$O12)/SUMPRODUCT(('Matriz Criterios'!$H$23:$S$23="X")*ISNUMBER('Registro Notas'!$D12:$O12))) | U12: =IF(SUMPRODUCT(('Matriz Criterios'!$H$24:$S$24="X")*ISNUMBER('Registro Notas'!$D12:$O12))=0, "-", SUMPRODUCT(('Matriz Criterios'!$H$24:$S$24="X")*ISNUMBER('Registro Notas'!$D12:$O12)*'Registro Notas'!$D12:$O12)/SUMPRODUCT(('Matriz Criterios'!$H$24:$S$24="X")*ISNUMBER('Registro Notas'!$D12:$O12))) | V12: =IF(SUMPRODUCT(('Matriz Criterios'!$H$25:$S$25="X")*ISNUMBER('Registro Notas'!$D12:$O12))=0, "-", SUMPRODUCT(('Matriz Criterios'!$H$25:$S$25="X")*ISNUMBER('Registro Notas'!$D12:$O12)*'Registro Notas'!$D12:$O12)/SUMPRODUCT(('Matriz Criterios'!$H$25:$S$25="X")*ISNUMBER('Registro Notas'!$D12:$O12))) | W12: =IF(SUMPRODUCT(('Matriz Criterios'!$H$26:$S$26="X")*ISNUMBER('Registro Notas'!$D12:$O12))=0, "-", SUMPRODUCT(('Matriz Criterios'!$H$26:$S$26="X")*ISNUMBER('Registro Notas'!$D12:$O12)*'Registro Notas'!$D12:$O12)/SUMPRODUCT(('Matriz Criterios'!$H$26:$S$26="X")*ISNUMBER('Registro Notas'!$D12:$O12))) | X12: =IF(SUMPRODUCT(('Matriz Criterios'!$H$27:$S$27="X")*ISNUMBER('Registro Notas'!$D12:$O12))=0, "-", SUMPRODUCT(('Matriz Criterios'!$H$27:$S$27="X")*ISNUMBER('Registro Notas'!$D12:$O12)*'Registro Notas'!$D12:$O12)/SUMPRODUCT(('Matriz Criterios'!$H$27:$S$27="X")*ISNUMBER('Registro Notas'!$D12:$O12))) | Y12: =IF(SUMPRODUCT(('Matriz Criterios'!$H$28:$S$28="X")*ISNUMBER('Registro Notas'!$D12:$O12))=0, "-", SUMPRODUCT(('Matriz Criterios'!$H$28:$S$28="X")*ISNUMBER('Registro Notas'!$D12:$O12)*'Registro Notas'!$D12:$O12)/SUMPRODUCT(('Matriz Criterios'!$H$28:$S$28="X")*ISNUMBER('Registro Notas'!$D12:$O12))) | Z12: =IF(SUMPRODUCT(('Matriz Criterios'!$H$29:$S$29="X")*ISNUMBER('Registro Notas'!$D12:$O12))=0, "-", SUMPRODUCT(('Matriz Criterios'!$H$29:$S$29="X")*ISNUMBER('Registro Notas'!$D12:$O12)*'Registro Notas'!$D12:$O12)/SUMPRODUCT(('Matriz Criterios'!$H$29:$S$29="X")*ISNUMBER('Registro Notas'!$D12:$O12))) | AA12: =IF(SUMPRODUCT(('Matriz Criterios'!$H$30:$S$30="X")*ISNUMBER('Registro Notas'!$D12:$O12))=0, "-", SUMPRODUCT(('Matriz Criterios'!$H$30:$S$30="X")*ISNUMBER('Registro Notas'!$D12:$O12)*'Registro Notas'!$D12:$O12)/SUMPRODUCT(('Matriz Criterios'!$H$30:$S$30="X")*ISNUMBER('Registro Notas'!$D12:$O12))) | AB12: =IF(SUMPRODUCT(('Matriz Criterios'!$H$31:$S$31="X")*ISNUMBER('Registro Notas'!$D12:$O12))=0, "-", SUMPRODUCT(('Matriz Criterios'!$H$31:$S$31="X")*ISNUMBER('Registro Notas'!$D12:$O12)*'Registro Notas'!$D12:$O12)/SUMPRODUCT(('Matriz Criterios'!$H$31:$S$31="X")*ISNUMBER('Registro Notas'!$D12:$O12))) | AC12: =IF(SUMPRODUCT(('Matriz Criterios'!$H$32:$S$32="X")*ISNUMBER('Registro Notas'!$D12:$O12))=0, "-", SUMPRODUCT(('Matriz Criterios'!$H$32:$S$32="X")*ISNUMBER('Registro Notas'!$D12:$O12)*'Registro Notas'!$D12:$O12)/SUMPRODUCT(('Matriz Criterios'!$H$32:$S$32="X")*ISNUMBER('Registro Notas'!$D12:$O12))) | AD12: =IF(SUMPRODUCT(('Matriz Criterios'!$H$33:$S$33="X")*ISNUMBER('Registro Notas'!$D12:$O12))=0, "-", SUMPRODUCT(('Matriz Criterios'!$H$33:$S$33="X")*ISNUMBER('Registro Notas'!$D12:$O12)*'Registro Notas'!$D12:$O12)/SUMPRODUCT(('Matriz Criterios'!$H$33:$S$33="X")*ISNUMBER('Registro Notas'!$D12:$O12))) | AE12: =IF(SUMPRODUCT(('Matriz Criterios'!$H$34:$S$34="X")*ISNUMBER('Registro Notas'!$D12:$O12))=0, "-", SUMPRODUCT(('Matriz Criterios'!$H$34:$S$34="X")*ISNUMBER('Registro Notas'!$D12:$O12)*'Registro Notas'!$D12:$O12)/SUMPRODUCT(('Matriz Criterios'!$H$34:$S$34="X")*ISNUMBER('Registro Notas'!$D12:$O12))) | AF12: =IF(SUMPRODUCT(('Matriz Criterios'!$H$35:$S$35="X")*ISNUMBER('Registro Notas'!$D12:$O12))=0, "-", SUMPRODUCT(('Matriz Criterios'!$H$35:$S$35="X")*ISNUMBER('Registro Notas'!$D12:$O12)*'Registro Notas'!$D12:$O12)/SUMPRODUCT(('Matriz Criterios'!$H$35:$S$35="X")*ISNUMBER('Registro Notas'!$D12:$O12))) | AG12: =IF(SUMPRODUCT(('Matriz Criterios'!$H$36:$S$36="X")*ISNUMBER('Registro Notas'!$D12:$O12))=0, "-", SUMPRODUCT(('Matriz Criterios'!$H$36:$S$36="X")*ISNUMBER('Registro Notas'!$D12:$O12)*'Registro Notas'!$D12:$O12)/SUMPRODUCT(('Matriz Criterios'!$H$36:$S$36="X")*ISNUMBER('Registro Notas'!$D12:$O12))) | AH12: =IF(SUMPRODUCT(('Matriz Criterios'!$H$37:$S$37="X")*ISNUMBER('Registro Notas'!$D12:$O12))=0, "-", SUMPRODUCT(('Matriz Criterios'!$H$37:$S$37="X")*ISNUMBER('Registro Notas'!$D12:$O12)*'Registro Notas'!$D12:$O12)/SUMPRODUCT(('Matriz Criterios'!$H$37:$S$37="X")*ISNUMBER('Registro Notas'!$D12:$O12))) | AI12: =IF(SUMPRODUCT(('Matriz Criterios'!$H$38:$S$38="X")*ISNUMBER('Registro Notas'!$D12:$O12))=0, "-", SUMPRODUCT(('Matriz Criterios'!$H$38:$S$38="X")*ISNUMBER('Registro Notas'!$D12:$O12)*'Registro Notas'!$D12:$O12)/SUMPRODUCT(('Matriz Criterios'!$H$38:$S$38="X")*ISNUMBER('Registro Notas'!$D12:$O12))) | AJ12: =IF(SUMPRODUCT(('Matriz Criterios'!$H$39:$S$39="X")*ISNUMBER('Registro Notas'!$D12:$O12))=0, "-", SUMPRODUCT(('Matriz Criterios'!$H$39:$S$39="X")*ISNUMBER('Registro Notas'!$D12:$O12)*'Registro Notas'!$D12:$O12)/SUMPRODUCT(('Matriz Criterios'!$H$39:$S$39="X")*ISNUMBER('Registro Notas'!$D12:$O12))) | AK12: =AVERAGE(C12:AJ12) | AL12: =COUNTIF(C12:AJ12, ">=5")
A13: 8 | B13: Jiménez Ortiz, Pablo | C13: =IF(SUMPRODUCT(('Matriz Criterios'!$H$6:$S$6="X")*ISNUMBER('Registro Notas'!$D13:$O13))=0, "-", SUMPRODUCT(('Matriz Criterios'!$H$6:$S$6="X")*ISNUMBER('Registro Notas'!$D13:$O13)*'Registro Notas'!$D13:$O13)/SUMPRODUCT(('Matriz Criterios'!$H$6:$S$6="X")*ISNUMBER('Registro Notas'!$D13:$O13))) | D13: =IF(SUMPRODUCT(('Matriz Criterios'!$H$7:$S$7="X")*ISNUMBER('Registro Notas'!$D13:$O13))=0, "-", SUMPRODUCT(('Matriz Criterios'!$H$7:$S$7="X")*ISNUMBER('Registro Notas'!$D13:$O13)*'Registro Notas'!$D13:$O13)/SUMPRODUCT(('Matriz Criterios'!$H$7:$S$7="X")*ISNUMBER('Registro Notas'!$D13:$O13))) | E13: =IF(SUMPRODUCT(('Matriz Criterios'!$H$8:$S$8="X")*ISNUMBER('Registro Notas'!$D13:$O13))=0, "-", SUMPRODUCT(('Matriz Criterios'!$H$8:$S$8="X")*ISNUMBER('Registro Notas'!$D13:$O13)*'Registro Notas'!$D13:$O13)/SUMPRODUCT(('Matriz Criterios'!$H$8:$S$8="X")*ISNUMBER('Registro Notas'!$D13:$O13))) | F13: =IF(SUMPRODUCT(('Matriz Criterios'!$H$9:$S$9="X")*ISNUMBER('Registro Notas'!$D13:$O13))=0, "-", SUMPRODUCT(('Matriz Criterios'!$H$9:$S$9="X")*ISNUMBER('Registro Notas'!$D13:$O13)*'Registro Notas'!$D13:$O13)/SUMPRODUCT(('Matriz Criterios'!$H$9:$S$9="X")*ISNUMBER('Registro Notas'!$D13:$O13))) | G13: =IF(SUMPRODUCT(('Matriz Criterios'!$H$10:$S$10="X")*ISNUMBER('Registro Notas'!$D13:$O13))=0, "-", SUMPRODUCT(('Matriz Criterios'!$H$10:$S$10="X")*ISNUMBER('Registro Notas'!$D13:$O13)*'Registro Notas'!$D13:$O13)/SUMPRODUCT(('Matriz Criterios'!$H$10:$S$10="X")*ISNUMBER('Registro Notas'!$D13:$O13))) | H13: =IF(SUMPRODUCT(('Matriz Criterios'!$H$11:$S$11="X")*ISNUMBER('Registro Notas'!$D13:$O13))=0, "-", SUMPRODUCT(('Matriz Criterios'!$H$11:$S$11="X")*ISNUMBER('Registro Notas'!$D13:$O13)*'Registro Notas'!$D13:$O13)/SUMPRODUCT(('Matriz Criterios'!$H$11:$S$11="X")*ISNUMBER('Registro Notas'!$D13:$O13))) | I13: =IF(SUMPRODUCT(('Matriz Criterios'!$H$12:$S$12="X")*ISNUMBER('Registro Notas'!$D13:$O13))=0, "-", SUMPRODUCT(('Matriz Criterios'!$H$12:$S$12="X")*ISNUMBER('Registro Notas'!$D13:$O13)*'Registro Notas'!$D13:$O13)/SUMPRODUCT(('Matriz Criterios'!$H$12:$S$12="X")*ISNUMBER('Registro Notas'!$D13:$O13))) | J13: =IF(SUMPRODUCT(('Matriz Criterios'!$H$13:$S$13="X")*ISNUMBER('Registro Notas'!$D13:$O13))=0, "-", SUMPRODUCT(('Matriz Criterios'!$H$13:$S$13="X")*ISNUMBER('Registro Notas'!$D13:$O13)*'Registro Notas'!$D13:$O13)/SUMPRODUCT(('Matriz Criterios'!$H$13:$S$13="X")*ISNUMBER('Registro Notas'!$D13:$O13))) | K13: =IF(SUMPRODUCT(('Matriz Criterios'!$H$14:$S$14="X")*ISNUMBER('Registro Notas'!$D13:$O13))=0, "-", SUMPRODUCT(('Matriz Criterios'!$H$14:$S$14="X")*ISNUMBER('Registro Notas'!$D13:$O13)*'Registro Notas'!$D13:$O13)/SUMPRODUCT(('Matriz Criterios'!$H$14:$S$14="X")*ISNUMBER('Registro Notas'!$D13:$O13))) | L13: =IF(SUMPRODUCT(('Matriz Criterios'!$H$15:$S$15="X")*ISNUMBER('Registro Notas'!$D13:$O13))=0, "-", SUMPRODUCT(('Matriz Criterios'!$H$15:$S$15="X")*ISNUMBER('Registro Notas'!$D13:$O13)*'Registro Notas'!$D13:$O13)/SUMPRODUCT(('Matriz Criterios'!$H$15:$S$15="X")*ISNUMBER('Registro Notas'!$D13:$O13))) | M13: =IF(SUMPRODUCT(('Matriz Criterios'!$H$16:$S$16="X")*ISNUMBER('Registro Notas'!$D13:$O13))=0, "-", SUMPRODUCT(('Matriz Criterios'!$H$16:$S$16="X")*ISNUMBER('Registro Notas'!$D13:$O13)*'Registro Notas'!$D13:$O13)/SUMPRODUCT(('Matriz Criterios'!$H$16:$S$16="X")*ISNUMBER('Registro Notas'!$D13:$O13))) | N13: =IF(SUMPRODUCT(('Matriz Criterios'!$H$17:$S$17="X")*ISNUMBER('Registro Notas'!$D13:$O13))=0, "-", SUMPRODUCT(('Matriz Criterios'!$H$17:$S$17="X")*ISNUMBER('Registro Notas'!$D13:$O13)*'Registro Notas'!$D13:$O13)/SUMPRODUCT(('Matriz Criterios'!$H$17:$S$17="X")*ISNUMBER('Registro Notas'!$D13:$O13))) | O13: =IF(SUMPRODUCT(('Matriz Criterios'!$H$18:$S$18="X")*ISNUMBER('Registro Notas'!$D13:$O13))=0, "-", SUMPRODUCT(('Matriz Criterios'!$H$18:$S$18="X")*ISNUMBER('Registro Notas'!$D13:$O13)*'Registro Notas'!$D13:$O13)/SUMPRODUCT(('Matriz Criterios'!$H$18:$S$18="X")*ISNUMBER('Registro Notas'!$D13:$O13))) | P13: =IF(SUMPRODUCT(('Matriz Criterios'!$H$19:$S$19="X")*ISNUMBER('Registro Notas'!$D13:$O13))=0, "-", SUMPRODUCT(('Matriz Criterios'!$H$19:$S$19="X")*ISNUMBER('Registro Notas'!$D13:$O13)*'Registro Notas'!$D13:$O13)/SUMPRODUCT(('Matriz Criterios'!$H$19:$S$19="X")*ISNUMBER('Registro Notas'!$D13:$O13))) | Q13: =IF(SUMPRODUCT(('Matriz Criterios'!$H$20:$S$20="X")*ISNUMBER('Registro Notas'!$D13:$O13))=0, "-", SUMPRODUCT(('Matriz Criterios'!$H$20:$S$20="X")*ISNUMBER('Registro Notas'!$D13:$O13)*'Registro Notas'!$D13:$O13)/SUMPRODUCT(('Matriz Criterios'!$H$20:$S$20="X")*ISNUMBER('Registro Notas'!$D13:$O13))) | R13: =IF(SUMPRODUCT(('Matriz Criterios'!$H$21:$S$21="X")*ISNUMBER('Registro Notas'!$D13:$O13))=0, "-", SUMPRODUCT(('Matriz Criterios'!$H$21:$S$21="X")*ISNUMBER('Registro Notas'!$D13:$O13)*'Registro Notas'!$D13:$O13)/SUMPRODUCT(('Matriz Criterios'!$H$21:$S$21="X")*ISNUMBER('Registro Notas'!$D13:$O13))) | S13: =IF(SUMPRODUCT(('Matriz Criterios'!$H$22:$S$22="X")*ISNUMBER('Registro Notas'!$D13:$O13))=0, "-", SUMPRODUCT(('Matriz Criterios'!$H$22:$S$22="X")*ISNUMBER('Registro Notas'!$D13:$O13)*'Registro Notas'!$D13:$O13)/SUMPRODUCT(('Matriz Criterios'!$H$22:$S$22="X")*ISNUMBER('Registro Notas'!$D13:$O13))) | T13: =IF(SUMPRODUCT(('Matriz Criterios'!$H$23:$S$23="X")*ISNUMBER('Registro Notas'!$D13:$O13))=0, "-", SUMPRODUCT(('Matriz Criterios'!$H$23:$S$23="X")*ISNUMBER('Registro Notas'!$D13:$O13)*'Registro Notas'!$D13:$O13)/SUMPRODUCT(('Matriz Criterios'!$H$23:$S$23="X")*ISNUMBER('Registro Notas'!$D13:$O13))) | U13: =IF(SUMPRODUCT(('Matriz Criterios'!$H$24:$S$24="X")*ISNUMBER('Registro Notas'!$D13:$O13))=0, "-", SUMPRODUCT(('Matriz Criterios'!$H$24:$S$24="X")*ISNUMBER('Registro Notas'!$D13:$O13)*'Registro Notas'!$D13:$O13)/SUMPRODUCT(('Matriz Criterios'!$H$24:$S$24="X")*ISNUMBER('Registro Notas'!$D13:$O13))) | V13: =IF(SUMPRODUCT(('Matriz Criterios'!$H$25:$S$25="X")*ISNUMBER('Registro Notas'!$D13:$O13))=0, "-", SUMPRODUCT(('Matriz Criterios'!$H$25:$S$25="X")*ISNUMBER('Registro Notas'!$D13:$O13)*'Registro Notas'!$D13:$O13)/SUMPRODUCT(('Matriz Criterios'!$H$25:$S$25="X")*ISNUMBER('Registro Notas'!$D13:$O13))) | W13: =IF(SUMPRODUCT(('Matriz Criterios'!$H$26:$S$26="X")*ISNUMBER('Registro Notas'!$D13:$O13))=0, "-", SUMPRODUCT(('Matriz Criterios'!$H$26:$S$26="X")*ISNUMBER('Registro Notas'!$D13:$O13)*'Registro Notas'!$D13:$O13)/SUMPRODUCT(('Matriz Criterios'!$H$26:$S$26="X")*ISNUMBER('Registro Notas'!$D13:$O13))) | X13: =IF(SUMPRODUCT(('Matriz Criterios'!$H$27:$S$27="X")*ISNUMBER('Registro Notas'!$D13:$O13))=0, "-", SUMPRODUCT(('Matriz Criterios'!$H$27:$S$27="X")*ISNUMBER('Registro Notas'!$D13:$O13)*'Registro Notas'!$D13:$O13)/SUMPRODUCT(('Matriz Criterios'!$H$27:$S$27="X")*ISNUMBER('Registro Notas'!$D13:$O13))) | Y13: =IF(SUMPRODUCT(('Matriz Criterios'!$H$28:$S$28="X")*ISNUMBER('Registro Notas'!$D13:$O13))=0, "-", SUMPRODUCT(('Matriz Criterios'!$H$28:$S$28="X")*ISNUMBER('Registro Notas'!$D13:$O13)*'Registro Notas'!$D13:$O13)/SUMPRODUCT(('Matriz Criterios'!$H$28:$S$28="X")*ISNUMBER('Registro Notas'!$D13:$O13))) | Z13: =IF(SUMPRODUCT(('Matriz Criterios'!$H$29:$S$29="X")*ISNUMBER('Registro Notas'!$D13:$O13))=0, "-", SUMPRODUCT(('Matriz Criterios'!$H$29:$S$29="X")*ISNUMBER('Registro Notas'!$D13:$O13)*'Registro Notas'!$D13:$O13)/SUMPRODUCT(('Matriz Criterios'!$H$29:$S$29="X")*ISNUMBER('Registro Notas'!$D13:$O13))) | AA13: =IF(SUMPRODUCT(('Matriz Criterios'!$H$30:$S$30="X")*ISNUMBER('Registro Notas'!$D13:$O13))=0, "-", SUMPRODUCT(('Matriz Criterios'!$H$30:$S$30="X")*ISNUMBER('Registro Notas'!$D13:$O13)*'Registro Notas'!$D13:$O13)/SUMPRODUCT(('Matriz Criterios'!$H$30:$S$30="X")*ISNUMBER('Registro Notas'!$D13:$O13))) | AB13: =IF(SUMPRODUCT(('Matriz Criterios'!$H$31:$S$31="X")*ISNUMBER('Registro Notas'!$D13:$O13))=0, "-", SUMPRODUCT(('Matriz Criterios'!$H$31:$S$31="X")*ISNUMBER('Registro Notas'!$D13:$O13)*'Registro Notas'!$D13:$O13)/SUMPRODUCT(('Matriz Criterios'!$H$31:$S$31="X")*ISNUMBER('Registro Notas'!$D13:$O13))) | AC13: =IF(SUMPRODUCT(('Matriz Criterios'!$H$32:$S$32="X")*ISNUMBER('Registro Notas'!$D13:$O13))=0, "-", SUMPRODUCT(('Matriz Criterios'!$H$32:$S$32="X")*ISNUMBER('Registro Notas'!$D13:$O13)*'Registro Notas'!$D13:$O13)/SUMPRODUCT(('Matriz Criterios'!$H$32:$S$32="X")*ISNUMBER('Registro Notas'!$D13:$O13))) | AD13: =IF(SUMPRODUCT(('Matriz Criterios'!$H$33:$S$33="X")*ISNUMBER('Registro Notas'!$D13:$O13))=0, "-", SUMPRODUCT(('Matriz Criterios'!$H$33:$S$33="X")*ISNUMBER('Registro Notas'!$D13:$O13)*'Registro Notas'!$D13:$O13)/SUMPRODUCT(('Matriz Criterios'!$H$33:$S$33="X")*ISNUMBER('Registro Notas'!$D13:$O13))) | AE13: =IF(SUMPRODUCT(('Matriz Criterios'!$H$34:$S$34="X")*ISNUMBER('Registro Notas'!$D13:$O13))=0, "-", SUMPRODUCT(('Matriz Criterios'!$H$34:$S$34="X")*ISNUMBER('Registro Notas'!$D13:$O13)*'Registro Notas'!$D13:$O13)/SUMPRODUCT(('Matriz Criterios'!$H$34:$S$34="X")*ISNUMBER('Registro Notas'!$D13:$O13))) | AF13: =IF(SUMPRODUCT(('Matriz Criterios'!$H$35:$S$35="X")*ISNUMBER('Registro Notas'!$D13:$O13))=0, "-", SUMPRODUCT(('Matriz Criterios'!$H$35:$S$35="X")*ISNUMBER('Registro Notas'!$D13:$O13)*'Registro Notas'!$D13:$O13)/SUMPRODUCT(('Matriz Criterios'!$H$35:$S$35="X")*ISNUMBER('Registro Notas'!$D13:$O13))) | AG13: =IF(SUMPRODUCT(('Matriz Criterios'!$H$36:$S$36="X")*ISNUMBER('Registro Notas'!$D13:$O13))=0, "-", SUMPRODUCT(('Matriz Criterios'!$H$36:$S$36="X")*ISNUMBER('Registro Notas'!$D13:$O13)*'Registro Notas'!$D13:$O13)/SUMPRODUCT(('Matriz Criterios'!$H$36:$S$36="X")*ISNUMBER('Registro Notas'!$D13:$O13))) | AH13: =IF(SUMPRODUCT(('Matriz Criterios'!$H$37:$S$37="X")*ISNUMBER('Registro Notas'!$D13:$O13))=0, "-", SUMPRODUCT(('Matriz Criterios'!$H$37:$S$37="X")*ISNUMBER('Registro Notas'!$D13:$O13)*'Registro Notas'!$D13:$O13)/SUMPRODUCT(('Matriz Criterios'!$H$37:$S$37="X")*ISNUMBER('Registro Notas'!$D13:$O13))) | AI13: =IF(SUMPRODUCT(('Matriz Criterios'!$H$38:$S$38="X")*ISNUMBER('Registro Notas'!$D13:$O13))=0, "-", SUMPRODUCT(('Matriz Criterios'!$H$38:$S$38="X")*ISNUMBER('Registro Notas'!$D13:$O13)*'Registro Notas'!$D13:$O13)/SUMPRODUCT(('Matriz Criterios'!$H$38:$S$38="X")*ISNUMBER('Registro Notas'!$D13:$O13))) | AJ13: =IF(SUMPRODUCT(('Matriz Criterios'!$H$39:$S$39="X")*ISNUMBER('Registro Notas'!$D13:$O13))=0, "-", SUMPRODUCT(('Matriz Criterios'!$H$39:$S$39="X")*ISNUMBER('Registro Notas'!$D13:$O13)*'Registro Notas'!$D13:$O13)/SUMPRODUCT(('Matriz Criterios'!$H$39:$S$39="X")*ISNUMBER('Registro Notas'!$D13:$O13))) | AK13: =AVERAGE(C13:AJ13) | AL13: =COUNTIF(C13:AJ13, ">=5")
A14: 9 | B14: López Molina, Sara | C14: =IF(SUMPRODUCT(('Matriz Criterios'!$H$6:$S$6="X")*ISNUMBER('Registro Notas'!$D14:$O14))=0, "-", SUMPRODUCT(('Matriz Criterios'!$H$6:$S$6="X")*ISNUMBER('Registro Notas'!$D14:$O14)*'Registro Notas'!$D14:$O14)/SUMPRODUCT(('Matriz Criterios'!$H$6:$S$6="X")*ISNUMBER('Registro Notas'!$D14:$O14))) | D14: =IF(SUMPRODUCT(('Matriz Criterios'!$H$7:$S$7="X")*ISNUMBER('Registro Notas'!$D14:$O14))=0, "-", SUMPRODUCT(('Matriz Criterios'!$H$7:$S$7="X")*ISNUMBER('Registro Notas'!$D14:$O14)*'Registro Notas'!$D14:$O14)/SUMPRODUCT(('Matriz Criterios'!$H$7:$S$7="X")*ISNUMBER('Registro Notas'!$D14:$O14))) | E14: =IF(SUMPRODUCT(('Matriz Criterios'!$H$8:$S$8="X")*ISNUMBER('Registro Notas'!$D14:$O14))=0, "-", SUMPRODUCT(('Matriz Criterios'!$H$8:$S$8="X")*ISNUMBER('Registro Notas'!$D14:$O14)*'Registro Notas'!$D14:$O14)/SUMPRODUCT(('Matriz Criterios'!$H$8:$S$8="X")*ISNUMBER('Registro Notas'!$D14:$O14))) | F14: =IF(SUMPRODUCT(('Matriz Criterios'!$H$9:$S$9="X")*ISNUMBER('Registro Notas'!$D14:$O14))=0, "-", SUMPRODUCT(('Matriz Criterios'!$H$9:$S$9="X")*ISNUMBER('Registro Notas'!$D14:$O14)*'Registro Notas'!$D14:$O14)/SUMPRODUCT(('Matriz Criterios'!$H$9:$S$9="X")*ISNUMBER('Registro Notas'!$D14:$O14))) | G14: =IF(SUMPRODUCT(('Matriz Criterios'!$H$10:$S$10="X")*ISNUMBER('Registro Notas'!$D14:$O14))=0, "-", SUMPRODUCT(('Matriz Criterios'!$H$10:$S$10="X")*ISNUMBER('Registro Notas'!$D14:$O14)*'Registro Notas'!$D14:$O14)/SUMPRODUCT(('Matriz Criterios'!$H$10:$S$10="X")*ISNUMBER('Registro Notas'!$D14:$O14))) | H14: =IF(SUMPRODUCT(('Matriz Criterios'!$H$11:$S$11="X")*ISNUMBER('Registro Notas'!$D14:$O14))=0, "-", SUMPRODUCT(('Matriz Criterios'!$H$11:$S$11="X")*ISNUMBER('Registro Notas'!$D14:$O14)*'Registro Notas'!$D14:$O14)/SUMPRODUCT(('Matriz Criterios'!$H$11:$S$11="X")*ISNUMBER('Registro Notas'!$D14:$O14))) | I14: =IF(SUMPRODUCT(('Matriz Criterios'!$H$12:$S$12="X")*ISNUMBER('Registro Notas'!$D14:$O14))=0, "-", SUMPRODUCT(('Matriz Criterios'!$H$12:$S$12="X")*ISNUMBER('Registro Notas'!$D14:$O14)*'Registro Notas'!$D14:$O14)/SUMPRODUCT(('Matriz Criterios'!$H$12:$S$12="X")*ISNUMBER('Registro Notas'!$D14:$O14))) | J14: =IF(SUMPRODUCT(('Matriz Criterios'!$H$13:$S$13="X")*ISNUMBER('Registro Notas'!$D14:$O14))=0, "-", SUMPRODUCT(('Matriz Criterios'!$H$13:$S$13="X")*ISNUMBER('Registro Notas'!$D14:$O14)*'Registro Notas'!$D14:$O14)/SUMPRODUCT(('Matriz Criterios'!$H$13:$S$13="X")*ISNUMBER('Registro Notas'!$D14:$O14))) | K14: =IF(SUMPRODUCT(('Matriz Criterios'!$H$14:$S$14="X")*ISNUMBER('Registro Notas'!$D14:$O14))=0, "-", SUMPRODUCT(('Matriz Criterios'!$H$14:$S$14="X")*ISNUMBER('Registro Notas'!$D14:$O14)*'Registro Notas'!$D14:$O14)/SUMPRODUCT(('Matriz Criterios'!$H$14:$S$14="X")*ISNUMBER('Registro Notas'!$D14:$O14))) | L14: =IF(SUMPRODUCT(('Matriz Criterios'!$H$15:$S$15="X")*ISNUMBER('Registro Notas'!$D14:$O14))=0, "-", SUMPRODUCT(('Matriz Criterios'!$H$15:$S$15="X")*ISNUMBER('Registro Notas'!$D14:$O14)*'Registro Notas'!$D14:$O14)/SUMPRODUCT(('Matriz Criterios'!$H$15:$S$15="X")*ISNUMBER('Registro Notas'!$D14:$O14))) | M14: =IF(SUMPRODUCT(('Matriz Criterios'!$H$16:$S$16="X")*ISNUMBER('Registro Notas'!$D14:$O14))=0, "-", SUMPRODUCT(('Matriz Criterios'!$H$16:$S$16="X")*ISNUMBER('Registro Notas'!$D14:$O14)*'Registro Notas'!$D14:$O14)/SUMPRODUCT(('Matriz Criterios'!$H$16:$S$16="X")*ISNUMBER('Registro Notas'!$D14:$O14))) | N14: =IF(SUMPRODUCT(('Matriz Criterios'!$H$17:$S$17="X")*ISNUMBER('Registro Notas'!$D14:$O14))=0, "-", SUMPRODUCT(('Matriz Criterios'!$H$17:$S$17="X")*ISNUMBER('Registro Notas'!$D14:$O14)*'Registro Notas'!$D14:$O14)/SUMPRODUCT(('Matriz Criterios'!$H$17:$S$17="X")*ISNUMBER('Registro Notas'!$D14:$O14))) | O14: =IF(SUMPRODUCT(('Matriz Criterios'!$H$18:$S$18="X")*ISNUMBER('Registro Notas'!$D14:$O14))=0, "-", SUMPRODUCT(('Matriz Criterios'!$H$18:$S$18="X")*ISNUMBER('Registro Notas'!$D14:$O14)*'Registro Notas'!$D14:$O14)/SUMPRODUCT(('Matriz Criterios'!$H$18:$S$18="X")*ISNUMBER('Registro Notas'!$D14:$O14))) | P14: =IF(SUMPRODUCT(('Matriz Criterios'!$H$19:$S$19="X")*ISNUMBER('Registro Notas'!$D14:$O14))=0, "-", SUMPRODUCT(('Matriz Criterios'!$H$19:$S$19="X")*ISNUMBER('Registro Notas'!$D14:$O14)*'Registro Notas'!$D14:$O14)/SUMPRODUCT(('Matriz Criterios'!$H$19:$S$19="X")*ISNUMBER('Registro Notas'!$D14:$O14))) | Q14: =IF(SUMPRODUCT(('Matriz Criterios'!$H$20:$S$20="X")*ISNUMBER('Registro Notas'!$D14:$O14))=0, "-", SUMPRODUCT(('Matriz Criterios'!$H$20:$S$20="X")*ISNUMBER('Registro Notas'!$D14:$O14)*'Registro Notas'!$D14:$O14)/SUMPRODUCT(('Matriz Criterios'!$H$20:$S$20="X")*ISNUMBER('Registro Notas'!$D14:$O14))) | R14: =IF(SUMPRODUCT(('Matriz Criterios'!$H$21:$S$21="X")*ISNUMBER('Registro Notas'!$D14:$O14))=0, "-", SUMPRODUCT(('Matriz Criterios'!$H$21:$S$21="X")*ISNUMBER('Registro Notas'!$D14:$O14)*'Registro Notas'!$D14:$O14)/SUMPRODUCT(('Matriz Criterios'!$H$21:$S$21="X")*ISNUMBER('Registro Notas'!$D14:$O14))) | S14: =IF(SUMPRODUCT(('Matriz Criterios'!$H$22:$S$22="X")*ISNUMBER('Registro Notas'!$D14:$O14))=0, "-", SUMPRODUCT(('Matriz Criterios'!$H$22:$S$22="X")*ISNUMBER('Registro Notas'!$D14:$O14)*'Registro Notas'!$D14:$O14)/SUMPRODUCT(('Matriz Criterios'!$H$22:$S$22="X")*ISNUMBER('Registro Notas'!$D14:$O14))) | T14: =IF(SUMPRODUCT(('Matriz Criterios'!$H$23:$S$23="X")*ISNUMBER('Registro Notas'!$D14:$O14))=0, "-", SUMPRODUCT(('Matriz Criterios'!$H$23:$S$23="X")*ISNUMBER('Registro Notas'!$D14:$O14)*'Registro Notas'!$D14:$O14)/SUMPRODUCT(('Matriz Criterios'!$H$23:$S$23="X")*ISNUMBER('Registro Notas'!$D14:$O14))) | U14: =IF(SUMPRODUCT(('Matriz Criterios'!$H$24:$S$24="X")*ISNUMBER('Registro Notas'!$D14:$O14))=0, "-", SUMPRODUCT(('Matriz Criterios'!$H$24:$S$24="X")*ISNUMBER('Registro Notas'!$D14:$O14)*'Registro Notas'!$D14:$O14)/SUMPRODUCT(('Matriz Criterios'!$H$24:$S$24="X")*ISNUMBER('Registro Notas'!$D14:$O14))) | V14: =IF(SUMPRODUCT(('Matriz Criterios'!$H$25:$S$25="X")*ISNUMBER('Registro Notas'!$D14:$O14))=0, "-", SUMPRODUCT(('Matriz Criterios'!$H$25:$S$25="X")*ISNUMBER('Registro Notas'!$D14:$O14)*'Registro Notas'!$D14:$O14)/SUMPRODUCT(('Matriz Criterios'!$H$25:$S$25="X")*ISNUMBER('Registro Notas'!$D14:$O14))) | W14: =IF(SUMPRODUCT(('Matriz Criterios'!$H$26:$S$26="X")*ISNUMBER('Registro Notas'!$D14:$O14))=0, "-", SUMPRODUCT(('Matriz Criterios'!$H$26:$S$26="X")*ISNUMBER('Registro Notas'!$D14:$O14)*'Registro Notas'!$D14:$O14)/SUMPRODUCT(('Matriz Criterios'!$H$26:$S$26="X")*ISNUMBER('Registro Notas'!$D14:$O14))) | X14: =IF(SUMPRODUCT(('Matriz Criterios'!$H$27:$S$27="X")*ISNUMBER('Registro Notas'!$D14:$O14))=0, "-", SUMPRODUCT(('Matriz Criterios'!$H$27:$S$27="X")*ISNUMBER('Registro Notas'!$D14:$O14)*'Registro Notas'!$D14:$O14)/SUMPRODUCT(('Matriz Criterios'!$H$27:$S$27="X")*ISNUMBER('Registro Notas'!$D14:$O14))) | Y14: =IF(SUMPRODUCT(('Matriz Criterios'!$H$28:$S$28="X")*ISNUMBER('Registro Notas'!$D14:$O14))=0, "-", SUMPRODUCT(('Matriz Criterios'!$H$28:$S$28="X")*ISNUMBER('Registro Notas'!$D14:$O14)*'Registro Notas'!$D14:$O14)/SUMPRODUCT(('Matriz Criterios'!$H$28:$S$28="X")*ISNUMBER('Registro Notas'!$D14:$O14))) | Z14: =IF(SUMPRODUCT(('Matriz Criterios'!$H$29:$S$29="X")*ISNUMBER('Registro Notas'!$D14:$O14))=0, "-", SUMPRODUCT(('Matriz Criterios'!$H$29:$S$29="X")*ISNUMBER('Registro Notas'!$D14:$O14)*'Registro Notas'!$D14:$O14)/SUMPRODUCT(('Matriz Criterios'!$H$29:$S$29="X")*ISNUMBER('Registro Notas'!$D14:$O14))) | AA14: =IF(SUMPRODUCT(('Matriz Criterios'!$H$30:$S$30="X")*ISNUMBER('Registro Notas'!$D14:$O14))=0, "-", SUMPRODUCT(('Matriz Criterios'!$H$30:$S$30="X")*ISNUMBER('Registro Notas'!$D14:$O14)*'Registro Notas'!$D14:$O14)/SUMPRODUCT(('Matriz Criterios'!$H$30:$S$30="X")*ISNUMBER('Registro Notas'!$D14:$O14))) | AB14: =IF(SUMPRODUCT(('Matriz Criterios'!$H$31:$S$31="X")*ISNUMBER('Registro Notas'!$D14:$O14))=0, "-", SUMPRODUCT(('Matriz Criterios'!$H$31:$S$31="X")*ISNUMBER('Registro Notas'!$D14:$O14)*'Registro Notas'!$D14:$O14)/SUMPRODUCT(('Matriz Criterios'!$H$31:$S$31="X")*ISNUMBER('Registro Notas'!$D14:$O14))) | AC14: =IF(SUMPRODUCT(('Matriz Criterios'!$H$32:$S$32="X")*ISNUMBER('Registro Notas'!$D14:$O14))=0, "-", SUMPRODUCT(('Matriz Criterios'!$H$32:$S$32="X")*ISNUMBER('Registro Notas'!$D14:$O14)*'Registro Notas'!$D14:$O14)/SUMPRODUCT(('Matriz Criterios'!$H$32:$S$32="X")*ISNUMBER('Registro Notas'!$D14:$O14))) | AD14: =IF(SUMPRODUCT(('Matriz Criterios'!$H$33:$S$33="X")*ISNUMBER('Registro Notas'!$D14:$O14))=0, "-", SUMPRODUCT(('Matriz Criterios'!$H$33:$S$33="X")*ISNUMBER('Registro Notas'!$D14:$O14)*'Registro Notas'!$D14:$O14)/SUMPRODUCT(('Matriz Criterios'!$H$33:$S$33="X")*ISNUMBER('Registro Notas'!$D14:$O14))) | AE14: =IF(SUMPRODUCT(('Matriz Criterios'!$H$34:$S$34="X")*ISNUMBER('Registro Notas'!$D14:$O14))=0, "-", SUMPRODUCT(('Matriz Criterios'!$H$34:$S$34="X")*ISNUMBER('Registro Notas'!$D14:$O14)*'Registro Notas'!$D14:$O14)/SUMPRODUCT(('Matriz Criterios'!$H$34:$S$34="X")*ISNUMBER('Registro Notas'!$D14:$O14))) | AF14: =IF(SUMPRODUCT(('Matriz Criterios'!$H$35:$S$35="X")*ISNUMBER('Registro Notas'!$D14:$O14))=0, "-", SUMPRODUCT(('Matriz Criterios'!$H$35:$S$35="X")*ISNUMBER('Registro Notas'!$D14:$O14)*'Registro Notas'!$D14:$O14)/SUMPRODUCT(('Matriz Criterios'!$H$35:$S$35="X")*ISNUMBER('Registro Notas'!$D14:$O14))) | AG14: =IF(SUMPRODUCT(('Matriz Criterios'!$H$36:$S$36="X")*ISNUMBER('Registro Notas'!$D14:$O14))=0, "-", SUMPRODUCT(('Matriz Criterios'!$H$36:$S$36="X")*ISNUMBER('Registro Notas'!$D14:$O14)*'Registro Notas'!$D14:$O14)/SUMPRODUCT(('Matriz Criterios'!$H$36:$S$36="X")*ISNUMBER('Registro Notas'!$D14:$O14))) | AH14: =IF(SUMPRODUCT(('Matriz Criterios'!$H$37:$S$37="X")*ISNUMBER('Registro Notas'!$D14:$O14))=0, "-", SUMPRODUCT(('Matriz Criterios'!$H$37:$S$37="X")*ISNUMBER('Registro Notas'!$D14:$O14)*'Registro Notas'!$D14:$O14)/SUMPRODUCT(('Matriz Criterios'!$H$37:$S$37="X")*ISNUMBER('Registro Notas'!$D14:$O14))) | AI14: =IF(SUMPRODUCT(('Matriz Criterios'!$H$38:$S$38="X")*ISNUMBER('Registro Notas'!$D14:$O14))=0, "-", SUMPRODUCT(('Matriz Criterios'!$H$38:$S$38="X")*ISNUMBER('Registro Notas'!$D14:$O14)*'Registro Notas'!$D14:$O14)/SUMPRODUCT(('Matriz Criterios'!$H$38:$S$38="X")*ISNUMBER('Registro Notas'!$D14:$O14))) | AJ14: =IF(SUMPRODUCT(('Matriz Criterios'!$H$39:$S$39="X")*ISNUMBER('Registro Notas'!$D14:$O14))=0, "-", SUMPRODUCT(('Matriz Criterios'!$H$39:$S$39="X")*ISNUMBER('Registro Notas'!$D14:$O14)*'Registro Notas'!$D14:$O14)/SUMPRODUCT(('Matriz Criterios'!$H$39:$S$39="X")*ISNUMBER('Registro Notas'!$D14:$O14))) | AK14: =AVERAGE(C14:AJ14) | AL14: =COUNTIF(C14:AJ14, ">=5")
A15: 10 | B15: Martín Vega, Javier | C15: =IF(SUMPRODUCT(('Matriz Criterios'!$H$6:$S$6="X")*ISNUMBER('Registro Notas'!$D15:$O15))=0, "-", SUMPRODUCT(('Matriz Criterios'!$H$6:$S$6="X")*ISNUMBER('Registro Notas'!$D15:$O15)*'Registro Notas'!$D15:$O15)/SUMPRODUCT(('Matriz Criterios'!$H$6:$S$6="X")*ISNUMBER('Registro Notas'!$D15:$O15))) | D15: =IF(SUMPRODUCT(('Matriz Criterios'!$H$7:$S$7="X")*ISNUMBER('Registro Notas'!$D15:$O15))=0, "-", SUMPRODUCT(('Matriz Criterios'!$H$7:$S$7="X")*ISNUMBER('Registro Notas'!$D15:$O15)*'Registro Notas'!$D15:$O15)/SUMPRODUCT(('Matriz Criterios'!$H$7:$S$7="X")*ISNUMBER('Registro Notas'!$D15:$O15))) | E15: =IF(SUMPRODUCT(('Matriz Criterios'!$H$8:$S$8="X")*ISNUMBER('Registro Notas'!$D15:$O15))=0, "-", SUMPRODUCT(('Matriz Criterios'!$H$8:$S$8="X")*ISNUMBER('Registro Notas'!$D15:$O15)*'Registro Notas'!$D15:$O15)/SUMPRODUCT(('Matriz Criterios'!$H$8:$S$8="X")*ISNUMBER('Registro Notas'!$D15:$O15))) | F15: =IF(SUMPRODUCT(('Matriz Criterios'!$H$9:$S$9="X")*ISNUMBER('Registro Notas'!$D15:$O15))=0, "-", SUMPRODUCT(('Matriz Criterios'!$H$9:$S$9="X")*ISNUMBER('Registro Notas'!$D15:$O15)*'Registro Notas'!$D15:$O15)/SUMPRODUCT(('Matriz Criterios'!$H$9:$S$9="X")*ISNUMBER('Registro Notas'!$D15:$O15))) | G15: =IF(SUMPRODUCT(('Matriz Criterios'!$H$10:$S$10="X")*ISNUMBER('Registro Notas'!$D15:$O15))=0, "-", SUMPRODUCT(('Matriz Criterios'!$H$10:$S$10="X")*ISNUMBER('Registro Notas'!$D15:$O15)*'Registro Notas'!$D15:$O15)/SUMPRODUCT(('Matriz Criterios'!$H$10:$S$10="X")*ISNUMBER('Registro Notas'!$D15:$O15))) | H15: =IF(SUMPRODUCT(('Matriz Criterios'!$H$11:$S$11="X")*ISNUMBER('Registro Notas'!$D15:$O15))=0, "-", SUMPRODUCT(('Matriz Criterios'!$H$11:$S$11="X")*ISNUMBER('Registro Notas'!$D15:$O15)*'Registro Notas'!$D15:$O15)/SUMPRODUCT(('Matriz Criterios'!$H$11:$S$11="X")*ISNUMBER('Registro Notas'!$D15:$O15))) | I15: =IF(SUMPRODUCT(('Matriz Criterios'!$H$12:$S$12="X")*ISNUMBER('Registro Notas'!$D15:$O15))=0, "-", SUMPRODUCT(('Matriz Criterios'!$H$12:$S$12="X")*ISNUMBER('Registro Notas'!$D15:$O15)*'Registro Notas'!$D15:$O15)/SUMPRODUCT(('Matriz Criterios'!$H$12:$S$12="X")*ISNUMBER('Registro Notas'!$D15:$O15))) | J15: =IF(SUMPRODUCT(('Matriz Criterios'!$H$13:$S$13="X")*ISNUMBER('Registro Notas'!$D15:$O15))=0, "-", SUMPRODUCT(('Matriz Criterios'!$H$13:$S$13="X")*ISNUMBER('Registro Notas'!$D15:$O15)*'Registro Notas'!$D15:$O15)/SUMPRODUCT(('Matriz Criterios'!$H$13:$S$13="X")*ISNUMBER('Registro Notas'!$D15:$O15))) | K15: =IF(SUMPRODUCT(('Matriz Criterios'!$H$14:$S$14="X")*ISNUMBER('Registro Notas'!$D15:$O15))=0, "-", SUMPRODUCT(('Matriz Criterios'!$H$14:$S$14="X")*ISNUMBER('Registro Notas'!$D15:$O15)*'Registro Notas'!$D15:$O15)/SUMPRODUCT(('Matriz Criterios'!$H$14:$S$14="X")*ISNUMBER('Registro Notas'!$D15:$O15))) | L15: =IF(SUMPRODUCT(('Matriz Criterios'!$H$15:$S$15="X")*ISNUMBER('Registro Notas'!$D15:$O15))=0, "-", SUMPRODUCT(('Matriz Criterios'!$H$15:$S$15="X")*ISNUMBER('Registro Notas'!$D15:$O15)*'Registro Notas'!$D15:$O15)/SUMPRODUCT(('Matriz Criterios'!$H$15:$S$15="X")*ISNUMBER('Registro Notas'!$D15:$O15))) | M15: =IF(SUMPRODUCT(('Matriz Criterios'!$H$16:$S$16="X")*ISNUMBER('Registro Notas'!$D15:$O15))=0, "-", SUMPRODUCT(('Matriz Criterios'!$H$16:$S$16="X")*ISNUMBER('Registro Notas'!$D15:$O15)*'Registro Notas'!$D15:$O15)/SUMPRODUCT(('Matriz Criterios'!$H$16:$S$16="X")*ISNUMBER('Registro Notas'!$D15:$O15))) | N15: =IF(SUMPRODUCT(('Matriz Criterios'!$H$17:$S$17="X")*ISNUMBER('Registro Notas'!$D15:$O15))=0, "-", SUMPRODUCT(('Matriz Criterios'!$H$17:$S$17="X")*ISNUMBER('Registro Notas'!$D15:$O15)*'Registro Notas'!$D15:$O15)/SUMPRODUCT(('Matriz Criterios'!$H$17:$S$17="X")*ISNUMBER('Registro Notas'!$D15:$O15))) | O15: =IF(SUMPRODUCT(('Matriz Criterios'!$H$18:$S$18="X")*ISNUMBER('Registro Notas'!$D15:$O15))=0, "-", SUMPRODUCT(('Matriz Criterios'!$H$18:$S$18="X")*ISNUMBER('Registro Notas'!$D15:$O15)*'Registro Notas'!$D15:$O15)/SUMPRODUCT(('Matriz Criterios'!$H$18:$S$18="X")*ISNUMBER('Registro Notas'!$D15:$O15))) | P15: =IF(SUMPRODUCT(('Matriz Criterios'!$H$19:$S$19="X")*ISNUMBER('Registro Notas'!$D15:$O15))=0, "-", SUMPRODUCT(('Matriz Criterios'!$H$19:$S$19="X")*ISNUMBER('Registro Notas'!$D15:$O15)*'Registro Notas'!$D15:$O15)/SUMPRODUCT(('Matriz Criterios'!$H$19:$S$19="X")*ISNUMBER('Registro Notas'!$D15:$O15))) | Q15: =IF(SUMPRODUCT(('Matriz Criterios'!$H$20:$S$20="X")*ISNUMBER('Registro Notas'!$D15:$O15))=0, "-", SUMPRODUCT(('Matriz Criterios'!$H$20:$S$20="X")*ISNUMBER('Registro Notas'!$D15:$O15)*'Registro Notas'!$D15:$O15)/SUMPRODUCT(('Matriz Criterios'!$H$20:$S$20="X")*ISNUMBER('Registro Notas'!$D15:$O15))) | R15: =IF(SUMPRODUCT(('Matriz Criterios'!$H$21:$S$21="X")*ISNUMBER('Registro Notas'!$D15:$O15))=0, "-", SUMPRODUCT(('Matriz Criterios'!$H$21:$S$21="X")*ISNUMBER('Registro Notas'!$D15:$O15)*'Registro Notas'!$D15:$O15)/SUMPRODUCT(('Matriz Criterios'!$H$21:$S$21="X")*ISNUMBER('Registro Notas'!$D15:$O15))) | S15: =IF(SUMPRODUCT(('Matriz Criterios'!$H$22:$S$22="X")*ISNUMBER('Registro Notas'!$D15:$O15))=0, "-", SUMPRODUCT(('Matriz Criterios'!$H$22:$S$22="X")*ISNUMBER('Registro Notas'!$D15:$O15)*'Registro Notas'!$D15:$O15)/SUMPRODUCT(('Matriz Criterios'!$H$22:$S$22="X")*ISNUMBER('Registro Notas'!$D15:$O15))) | T15: =IF(SUMPRODUCT(('Matriz Criterios'!$H$23:$S$23="X")*ISNUMBER('Registro Notas'!$D15:$O15))=0, "-", SUMPRODUCT(('Matriz Criterios'!$H$23:$S$23="X")*ISNUMBER('Registro Notas'!$D15:$O15)*'Registro Notas'!$D15:$O15)/SUMPRODUCT(('Matriz Criterios'!$H$23:$S$23="X")*ISNUMBER('Registro Notas'!$D15:$O15))) | U15: =IF(SUMPRODUCT(('Matriz Criterios'!$H$24:$S$24="X")*ISNUMBER('Registro Notas'!$D15:$O15))=0, "-", SUMPRODUCT(('Matriz Criterios'!$H$24:$S$24="X")*ISNUMBER('Registro Notas'!$D15:$O15)*'Registro Notas'!$D15:$O15)/SUMPRODUCT(('Matriz Criterios'!$H$24:$S$24="X")*ISNUMBER('Registro Notas'!$D15:$O15))) | V15: =IF(SUMPRODUCT(('Matriz Criterios'!$H$25:$S$25="X")*ISNUMBER('Registro Notas'!$D15:$O15))=0, "-", SUMPRODUCT(('Matriz Criterios'!$H$25:$S$25="X")*ISNUMBER('Registro Notas'!$D15:$O15)*'Registro Notas'!$D15:$O15)/SUMPRODUCT(('Matriz Criterios'!$H$25:$S$25="X")*ISNUMBER('Registro Notas'!$D15:$O15))) | W15: =IF(SUMPRODUCT(('Matriz Criterios'!$H$26:$S$26="X")*ISNUMBER('Registro Notas'!$D15:$O15))=0, "-", SUMPRODUCT(('Matriz Criterios'!$H$26:$S$26="X")*ISNUMBER('Registro Notas'!$D15:$O15)*'Registro Notas'!$D15:$O15)/SUMPRODUCT(('Matriz Criterios'!$H$26:$S$26="X")*ISNUMBER('Registro Notas'!$D15:$O15))) | X15: =IF(SUMPRODUCT(('Matriz Criterios'!$H$27:$S$27="X")*ISNUMBER('Registro Notas'!$D15:$O15))=0, "-", SUMPRODUCT(('Matriz Criterios'!$H$27:$S$27="X")*ISNUMBER('Registro Notas'!$D15:$O15)*'Registro Notas'!$D15:$O15)/SUMPRODUCT(('Matriz Criterios'!$H$27:$S$27="X")*ISNUMBER('Registro Notas'!$D15:$O15))) | Y15: =IF(SUMPRODUCT(('Matriz Criterios'!$H$28:$S$28="X")*ISNUMBER('Registro Notas'!$D15:$O15))=0, "-", SUMPRODUCT(('Matriz Criterios'!$H$28:$S$28="X")*ISNUMBER('Registro Notas'!$D15:$O15)*'Registro Notas'!$D15:$O15)/SUMPRODUCT(('Matriz Criterios'!$H$28:$S$28="X")*ISNUMBER('Registro Notas'!$D15:$O15))) | Z15: =IF(SUMPRODUCT(('Matriz Criterios'!$H$29:$S$29="X")*ISNUMBER('Registro Notas'!$D15:$O15))=0, "-", SUMPRODUCT(('Matriz Criterios'!$H$29:$S$29="X")*ISNUMBER('Registro Notas'!$D15:$O15)*'Registro Notas'!$D15:$O15)/SUMPRODUCT(('Matriz Criterios'!$H$29:$S$29="X")*ISNUMBER('Registro Notas'!$D15:$O15))) | AA15: =IF(SUMPRODUCT(('Matriz Criterios'!$H$30:$S$30="X")*ISNUMBER('Registro Notas'!$D15:$O15))=0, "-", SUMPRODUCT(('Matriz Criterios'!$H$30:$S$30="X")*ISNUMBER('Registro Notas'!$D15:$O15)*'Registro Notas'!$D15:$O15)/SUMPRODUCT(('Matriz Criterios'!$H$30:$S$30="X")*ISNUMBER('Registro Notas'!$D15:$O15))) | AB15: =IF(SUMPRODUCT(('Matriz Criterios'!$H$31:$S$31="X")*ISNUMBER('Registro Notas'!$D15:$O15))=0, "-", SUMPRODUCT(('Matriz Criterios'!$H$31:$S$31="X")*ISNUMBER('Registro Notas'!$D15:$O15)*'Registro Notas'!$D15:$O15)/SUMPRODUCT(('Matriz Criterios'!$H$31:$S$31="X")*ISNUMBER('Registro Notas'!$D15:$O15))) | AC15: =IF(SUMPRODUCT(('Matriz Criterios'!$H$32:$S$32="X")*ISNUMBER('Registro Notas'!$D15:$O15))=0, "-", SUMPRODUCT(('Matriz Criterios'!$H$32:$S$32="X")*ISNUMBER('Registro Notas'!$D15:$O15)*'Registro Notas'!$D15:$O15)/SUMPRODUCT(('Matriz Criterios'!$H$32:$S$32="X")*ISNUMBER('Registro Notas'!$D15:$O15))) | AD15: =IF(SUMPRODUCT(('Matriz Criterios'!$H$33:$S$33="X")*ISNUMBER('Registro Notas'!$D15:$O15))=0, "-", SUMPRODUCT(('Matriz Criterios'!$H$33:$S$33="X")*ISNUMBER('Registro Notas'!$D15:$O15)*'Registro Notas'!$D15:$O15)/SUMPRODUCT(('Matriz Criterios'!$H$33:$S$33="X")*ISNUMBER('Registro Notas'!$D15:$O15))) | AE15: =IF(SUMPRODUCT(('Matriz Criterios'!$H$34:$S$34="X")*ISNUMBER('Registro Notas'!$D15:$O15))=0, "-", SUMPRODUCT(('Matriz Criterios'!$H$34:$S$34="X")*ISNUMBER('Registro Notas'!$D15:$O15)*'Registro Notas'!$D15:$O15)/SUMPRODUCT(('Matriz Criterios'!$H$34:$S$34="X")*ISNUMBER('Registro Notas'!$D15:$O15))) | AF15: =IF(SUMPRODUCT(('Matriz Criterios'!$H$35:$S$35="X")*ISNUMBER('Registro Notas'!$D15:$O15))=0, "-", SUMPRODUCT(('Matriz Criterios'!$H$35:$S$35="X")*ISNUMBER('Registro Notas'!$D15:$O15)*'Registro Notas'!$D15:$O15)/SUMPRODUCT(('Matriz Criterios'!$H$35:$S$35="X")*ISNUMBER('Registro Notas'!$D15:$O15))) | AG15: =IF(SUMPRODUCT(('Matriz Criterios'!$H$36:$S$36="X")*ISNUMBER('Registro Notas'!$D15:$O15))=0, "-", SUMPRODUCT(('Matriz Criterios'!$H$36:$S$36="X")*ISNUMBER('Registro Notas'!$D15:$O15)*'Registro Notas'!$D15:$O15)/SUMPRODUCT(('Matriz Criterios'!$H$36:$S$36="X")*ISNUMBER('Registro Notas'!$D15:$O15))) | AH15: =IF(SUMPRODUCT(('Matriz Criterios'!$H$37:$S$37="X")*ISNUMBER('Registro Notas'!$D15:$O15))=0, "-", SUMPRODUCT(('Matriz Criterios'!$H$37:$S$37="X")*ISNUMBER('Registro Notas'!$D15:$O15)*'Registro Notas'!$D15:$O15)/SUMPRODUCT(('Matriz Criterios'!$H$37:$S$37="X")*ISNUMBER('Registro Notas'!$D15:$O15))) | AI15: =IF(SUMPRODUCT(('Matriz Criterios'!$H$38:$S$38="X")*ISNUMBER('Registro Notas'!$D15:$O15))=0, "-", SUMPRODUCT(('Matriz Criterios'!$H$38:$S$38="X")*ISNUMBER('Registro Notas'!$D15:$O15)*'Registro Notas'!$D15:$O15)/SUMPRODUCT(('Matriz Criterios'!$H$38:$S$38="X")*ISNUMBER('Registro Notas'!$D15:$O15))) | AJ15: =IF(SUMPRODUCT(('Matriz Criterios'!$H$39:$S$39="X")*ISNUMBER('Registro Notas'!$D15:$O15))=0, "-", SUMPRODUCT(('Matriz Criterios'!$H$39:$S$39="X")*ISNUMBER('Registro Notas'!$D15:$O15)*'Registro Notas'!$D15:$O15)/SUMPRODUCT(('Matriz Criterios'!$H$39:$S$39="X")*ISNUMBER('Registro Notas'!$D15:$O15))) | AK15: =AVERAGE(C15:AJ15) | AL15: =COUNTIF(C15:AJ15, ">=5")
A16: 11 | B16: Navarro Gil, Ana | C16: =IF(SUMPRODUCT(('Matriz Criterios'!$H$6:$S$6="X")*ISNUMBER('Registro Notas'!$D16:$O16))=0, "-", SUMPRODUCT(('Matriz Criterios'!$H$6:$S$6="X")*ISNUMBER('Registro Notas'!$D16:$O16)*'Registro Notas'!$D16:$O16)/SUMPRODUCT(('Matriz Criterios'!$H$6:$S$6="X")*ISNUMBER('Registro Notas'!$D16:$O16))) | D16: =IF(SUMPRODUCT(('Matriz Criterios'!$H$7:$S$7="X")*ISNUMBER('Registro Notas'!$D16:$O16))=0, "-", SUMPRODUCT(('Matriz Criterios'!$H$7:$S$7="X")*ISNUMBER('Registro Notas'!$D16:$O16)*'Registro Notas'!$D16:$O16)/SUMPRODUCT(('Matriz Criterios'!$H$7:$S$7="X")*ISNUMBER('Registro Notas'!$D16:$O16))) | E16: =IF(SUMPRODUCT(('Matriz Criterios'!$H$8:$S$8="X")*ISNUMBER('Registro Notas'!$D16:$O16))=0, "-", SUMPRODUCT(('Matriz Criterios'!$H$8:$S$8="X")*ISNUMBER('Registro Notas'!$D16:$O16)*'Registro Notas'!$D16:$O16)/SUMPRODUCT(('Matriz Criterios'!$H$8:$S$8="X")*ISNUMBER('Registro Notas'!$D16:$O16))) | F16: =IF(SUMPRODUCT(('Matriz Criterios'!$H$9:$S$9="X")*ISNUMBER('Registro Notas'!$D16:$O16))=0, "-", SUMPRODUCT(('Matriz Criterios'!$H$9:$S$9="X")*ISNUMBER('Registro Notas'!$D16:$O16)*'Registro Notas'!$D16:$O16)/SUMPRODUCT(('Matriz Criterios'!$H$9:$S$9="X")*ISNUMBER('Registro Notas'!$D16:$O16))) | G16: =IF(SUMPRODUCT(('Matriz Criterios'!$H$10:$S$10="X")*ISNUMBER('Registro Notas'!$D16:$O16))=0, "-", SUMPRODUCT(('Matriz Criterios'!$H$10:$S$10="X")*ISNUMBER('Registro Notas'!$D16:$O16)*'Registro Notas'!$D16:$O16)/SUMPRODUCT(('Matriz Criterios'!$H$10:$S$10="X")*ISNUMBER('Registro Notas'!$D16:$O16))) | H16: =IF(SUMPRODUCT(('Matriz Criterios'!$H$11:$S$11="X")*ISNUMBER('Registro Notas'!$D16:$O16))=0, "-", SUMPRODUCT(('Matriz Criterios'!$H$11:$S$11="X")*ISNUMBER('Registro Notas'!$D16:$O16)*'Registro Notas'!$D16:$O16)/SUMPRODUCT(('Matriz Criterios'!$H$11:$S$11="X")*ISNUMBER('Registro Notas'!$D16:$O16))) | I16: =IF(SUMPRODUCT(('Matriz Criterios'!$H$12:$S$12="X")*ISNUMBER('Registro Notas'!$D16:$O16))=0, "-", SUMPRODUCT(('Matriz Criterios'!$H$12:$S$12="X")*ISNUMBER('Registro Notas'!$D16:$O16)*'Registro Notas'!$D16:$O16)/SUMPRODUCT(('Matriz Criterios'!$H$12:$S$12="X")*ISNUMBER('Registro Notas'!$D16:$O16))) | J16: =IF(SUMPRODUCT(('Matriz Criterios'!$H$13:$S$13="X")*ISNUMBER('Registro Notas'!$D16:$O16))=0, "-", SUMPRODUCT(('Matriz Criterios'!$H$13:$S$13="X")*ISNUMBER('Registro Notas'!$D16:$O16)*'Registro Notas'!$D16:$O16)/SUMPRODUCT(('Matriz Criterios'!$H$13:$S$13="X")*ISNUMBER('Registro Notas'!$D16:$O16))) | K16: =IF(SUMPRODUCT(('Matriz Criterios'!$H$14:$S$14="X")*ISNUMBER('Registro Notas'!$D16:$O16))=0, "-", SUMPRODUCT(('Matriz Criterios'!$H$14:$S$14="X")*ISNUMBER('Registro Notas'!$D16:$O16)*'Registro Notas'!$D16:$O16)/SUMPRODUCT(('Matriz Criterios'!$H$14:$S$14="X")*ISNUMBER('Registro Notas'!$D16:$O16))) | L16: =IF(SUMPRODUCT(('Matriz Criterios'!$H$15:$S$15="X")*ISNUMBER('Registro Notas'!$D16:$O16))=0, "-", SUMPRODUCT(('Matriz Criterios'!$H$15:$S$15="X")*ISNUMBER('Registro Notas'!$D16:$O16)*'Registro Notas'!$D16:$O16)/SUMPRODUCT(('Matriz Criterios'!$H$15:$S$15="X")*ISNUMBER('Registro Notas'!$D16:$O16))) | M16: =IF(SUMPRODUCT(('Matriz Criterios'!$H$16:$S$16="X")*ISNUMBER('Registro Notas'!$D16:$O16))=0, "-", SUMPRODUCT(('Matriz Criterios'!$H$16:$S$16="X")*ISNUMBER('Registro Notas'!$D16:$O16)*'Registro Notas'!$D16:$O16)/SUMPRODUCT(('Matriz Criterios'!$H$16:$S$16="X")*ISNUMBER('Registro Notas'!$D16:$O16))) | N16: =IF(SUMPRODUCT(('Matriz Criterios'!$H$17:$S$17="X")*ISNUMBER('Registro Notas'!$D16:$O16))=0, "-", SUMPRODUCT(('Matriz Criterios'!$H$17:$S$17="X")*ISNUMBER('Registro Notas'!$D16:$O16)*'Registro Notas'!$D16:$O16)/SUMPRODUCT(('Matriz Criterios'!$H$17:$S$17="X")*ISNUMBER('Registro Notas'!$D16:$O16))) | O16: =IF(SUMPRODUCT(('Matriz Criterios'!$H$18:$S$18="X")*ISNUMBER('Registro Notas'!$D16:$O16))=0, "-", SUMPRODUCT(('Matriz Criterios'!$H$18:$S$18="X")*ISNUMBER('Registro Notas'!$D16:$O16)*'Registro Notas'!$D16:$O16)/SUMPRODUCT(('Matriz Criterios'!$H$18:$S$18="X")*ISNUMBER('Registro Notas'!$D16:$O16))) | P16: =IF(SUMPRODUCT(('Matriz Criterios'!$H$19:$S$19="X")*ISNUMBER('Registro Notas'!$D16:$O16))=0, "-", SUMPRODUCT(('Matriz Criterios'!$H$19:$S$19="X")*ISNUMBER('Registro Notas'!$D16:$O16)*'Registro Notas'!$D16:$O16)/SUMPRODUCT(('Matriz Criterios'!$H$19:$S$19="X")*ISNUMBER('Registro Notas'!$D16:$O16))) | Q16: =IF(SUMPRODUCT(('Matriz Criterios'!$H$20:$S$20="X")*ISNUMBER('Registro Notas'!$D16:$O16))=0, "-", SUMPRODUCT(('Matriz Criterios'!$H$20:$S$20="X")*ISNUMBER('Registro Notas'!$D16:$O16)*'Registro Notas'!$D16:$O16)/SUMPRODUCT(('Matriz Criterios'!$H$20:$S$20="X")*ISNUMBER('Registro Notas'!$D16:$O16))) | R16: =IF(SUMPRODUCT(('Matriz Criterios'!$H$21:$S$21="X")*ISNUMBER('Registro Notas'!$D16:$O16))=0, "-", SUMPRODUCT(('Matriz Criterios'!$H$21:$S$21="X")*ISNUMBER('Registro Notas'!$D16:$O16)*'Registro Notas'!$D16:$O16)/SUMPRODUCT(('Matriz Criterios'!$H$21:$S$21="X")*ISNUMBER('Registro Notas'!$D16:$O16))) | S16: =IF(SUMPRODUCT(('Matriz Criterios'!$H$22:$S$22="X")*ISNUMBER('Registro Notas'!$D16:$O16))=0, "-", SUMPRODUCT(('Matriz Criterios'!$H$22:$S$22="X")*ISNUMBER('Registro Notas'!$D16:$O16)*'Registro Notas'!$D16:$O16)/SUMPRODUCT(('Matriz Criterios'!$H$22:$S$22="X")*ISNUMBER('Registro Notas'!$D16:$O16))) | T16: =IF(SUMPRODUCT(('Matriz Criterios'!$H$23:$S$23="X")*ISNUMBER('Registro Notas'!$D16:$O16))=0, "-", SUMPRODUCT(('Matriz Criterios'!$H$23:$S$23="X")*ISNUMBER('Registro Notas'!$D16:$O16)*'Registro Notas'!$D16:$O16)/SUMPRODUCT(('Matriz Criterios'!$H$23:$S$23="X")*ISNUMBER('Registro Notas'!$D16:$O16))) | U16: =IF(SUMPRODUCT(('Matriz Criterios'!$H$24:$S$24="X")*ISNUMBER('Registro Notas'!$D16:$O16))=0, "-", SUMPRODUCT(('Matriz Criterios'!$H$24:$S$24="X")*ISNUMBER('Registro Notas'!$D16:$O16)*'Registro Notas'!$D16:$O16)/SUMPRODUCT(('Matriz Criterios'!$H$24:$S$24="X")*ISNUMBER('Registro Notas'!$D16:$O16))) | V16: =IF(SUMPRODUCT(('Matriz Criterios'!$H$25:$S$25="X")*ISNUMBER('Registro Notas'!$D16:$O16))=0, "-", SUMPRODUCT(('Matriz Criterios'!$H$25:$S$25="X")*ISNUMBER('Registro Notas'!$D16:$O16)*'Registro Notas'!$D16:$O16)/SUMPRODUCT(('Matriz Criterios'!$H$25:$S$25="X")*ISNUMBER('Registro Notas'!$D16:$O16))) | W16: =IF(SUMPRODUCT(('Matriz Criterios'!$H$26:$S$26="X")*ISNUMBER('Registro Notas'!$D16:$O16))=0, "-", SUMPRODUCT(('Matriz Criterios'!$H$26:$S$26="X")*ISNUMBER('Registro Notas'!$D16:$O16)*'Registro Notas'!$D16:$O16)/SUMPRODUCT(('Matriz Criterios'!$H$26:$S$26="X")*ISNUMBER('Registro Notas'!$D16:$O16))) | X16: =IF(SUMPRODUCT(('Matriz Criterios'!$H$27:$S$27="X")*ISNUMBER('Registro Notas'!$D16:$O16))=0, "-", SUMPRODUCT(('Matriz Criterios'!$H$27:$S$27="X")*ISNUMBER('Registro Notas'!$D16:$O16)*'Registro Notas'!$D16:$O16)/SUMPRODUCT(('Matriz Criterios'!$H$27:$S$27="X")*ISNUMBER('Registro Notas'!$D16:$O16))) | Y16: =IF(SUMPRODUCT(('Matriz Criterios'!$H$28:$S$28="X")*ISNUMBER('Registro Notas'!$D16:$O16))=0, "-", SUMPRODUCT(('Matriz Criterios'!$H$28:$S$28="X")*ISNUMBER('Registro Notas'!$D16:$O16)*'Registro Notas'!$D16:$O16)/SUMPRODUCT(('Matriz Criterios'!$H$28:$S$28="X")*ISNUMBER('Registro Notas'!$D16:$O16))) | Z16: =IF(SUMPRODUCT(('Matriz Criterios'!$H$29:$S$29="X")*ISNUMBER('Registro Notas'!$D16:$O16))=0, "-", SUMPRODUCT(('Matriz Criterios'!$H$29:$S$29="X")*ISNUMBER('Registro Notas'!$D16:$O16)*'Registro Notas'!$D16:$O16)/SUMPRODUCT(('Matriz Criterios'!$H$29:$S$29="X")*ISNUMBER('Registro Notas'!$D16:$O16))) | AA16: =IF(SUMPRODUCT(('Matriz Criterios'!$H$30:$S$30="X")*ISNUMBER('Registro Notas'!$D16:$O16))=0, "-", SUMPRODUCT(('Matriz Criterios'!$H$30:$S$30="X")*ISNUMBER('Registro Notas'!$D16:$O16)*'Registro Notas'!$D16:$O16)/SUMPRODUCT(('Matriz Criterios'!$H$30:$S$30="X")*ISNUMBER('Registro Notas'!$D16:$O16))) | AB16: =IF(SUMPRODUCT(('Matriz Criterios'!$H$31:$S$31="X")*ISNUMBER('Registro Notas'!$D16:$O16))=0, "-", SUMPRODUCT(('Matriz Criterios'!$H$31:$S$31="X")*ISNUMBER('Registro Notas'!$D16:$O16)*'Registro Notas'!$D16:$O16)/SUMPRODUCT(('Matriz Criterios'!$H$31:$S$31="X")*ISNUMBER('Registro Notas'!$D16:$O16))) | AC16: =IF(SUMPRODUCT(('Matriz Criterios'!$H$32:$S$32="X")*ISNUMBER('Registro Notas'!$D16:$O16))=0, "-", SUMPRODUCT(('Matriz Criterios'!$H$32:$S$32="X")*ISNUMBER('Registro Notas'!$D16:$O16)*'Registro Notas'!$D16:$O16)/SUMPRODUCT(('Matriz Criterios'!$H$32:$S$32="X")*ISNUMBER('Registro Notas'!$D16:$O16))) | AD16: =IF(SUMPRODUCT(('Matriz Criterios'!$H$33:$S$33="X")*ISNUMBER('Registro Notas'!$D16:$O16))=0, "-", SUMPRODUCT(('Matriz Criterios'!$H$33:$S$33="X")*ISNUMBER('Registro Notas'!$D16:$O16)*'Registro Notas'!$D16:$O16)/SUMPRODUCT(('Matriz Criterios'!$H$33:$S$33="X")*ISNUMBER('Registro Notas'!$D16:$O16))) | AE16: =IF(SUMPRODUCT(('Matriz Criterios'!$H$34:$S$34="X")*ISNUMBER('Registro Notas'!$D16:$O16))=0, "-", SUMPRODUCT(('Matriz Criterios'!$H$34:$S$34="X")*ISNUMBER('Registro Notas'!$D16:$O16)*'Registro Notas'!$D16:$O16)/SUMPRODUCT(('Matriz Criterios'!$H$34:$S$34="X")*ISNUMBER('Registro Notas'!$D16:$O16))) | AF16: =IF(SUMPRODUCT(('Matriz Criterios'!$H$35:$S$35="X")*ISNUMBER('Registro Notas'!$D16:$O16))=0, "-", SUMPRODUCT(('Matriz Criterios'!$H$35:$S$35="X")*ISNUMBER('Registro Notas'!$D16:$O16)*'Registro Notas'!$D16:$O16)/SUMPRODUCT(('Matriz Criterios'!$H$35:$S$35="X")*ISNUMBER('Registro Notas'!$D16:$O16))) | AG16: =IF(SUMPRODUCT(('Matriz Criterios'!$H$36:$S$36="X")*ISNUMBER('Registro Notas'!$D16:$O16))=0, "-", SUMPRODUCT(('Matriz Criterios'!$H$36:$S$36="X")*ISNUMBER('Registro Notas'!$D16:$O16)*'Registro Notas'!$D16:$O16)/SUMPRODUCT(('Matriz Criterios'!$H$36:$S$36="X")*ISNUMBER('Registro Notas'!$D16:$O16))) | AH16: =IF(SUMPRODUCT(('Matriz Criterios'!$H$37:$S$37="X")*ISNUMBER('Registro Notas'!$D16:$O16))=0, "-", SUMPRODUCT(('Matriz Criterios'!$H$37:$S$37="X")*ISNUMBER('Registro Notas'!$D16:$O16)*'Registro Notas'!$D16:$O16)/SUMPRODUCT(('Matriz Criterios'!$H$37:$S$37="X")*ISNUMBER('Registro Notas'!$D16:$O16))) | AI16: =IF(SUMPRODUCT(('Matriz Criterios'!$H$38:$S$38="X")*ISNUMBER('Registro Notas'!$D16:$O16))=0, "-", SUMPRODUCT(('Matriz Criterios'!$H$38:$S$38="X")*ISNUMBER('Registro Notas'!$D16:$O16)*'Registro Notas'!$D16:$O16)/SUMPRODUCT(('Matriz Criterios'!$H$38:$S$38="X")*ISNUMBER('Registro Notas'!$D16:$O16))) | AJ16: =IF(SUMPRODUCT(('Matriz Criterios'!$H$39:$S$39="X")*ISNUMBER('Registro Notas'!$D16:$O16))=0, "-", SUMPRODUCT(('Matriz Criterios'!$H$39:$S$39="X")*ISNUMBER('Registro Notas'!$D16:$O16)*'Registro Notas'!$D16:$O16)/SUMPRODUCT(('Matriz Criterios'!$H$39:$S$39="X")*ISNUMBER('Registro Notas'!$D16:$O16))) | AK16: =AVERAGE(C16:AJ16) | AL16: =COUNTIF(C16:AJ16, ">=5")
A17: 12 | B17: Pérez Rubio, Álvaro | C17: =IF(SUMPRODUCT(('Matriz Criterios'!$H$6:$S$6="X")*ISNUMBER('Registro Notas'!$D17:$O17))=0, "-", SUMPRODUCT(('Matriz Criterios'!$H$6:$S$6="X")*ISNUMBER('Registro Notas'!$D17:$O17)*'Registro Notas'!$D17:$O17)/SUMPRODUCT(('Matriz Criterios'!$H$6:$S$6="X")*ISNUMBER('Registro Notas'!$D17:$O17))) | D17: =IF(SUMPRODUCT(('Matriz Criterios'!$H$7:$S$7="X")*ISNUMBER('Registro Notas'!$D17:$O17))=0, "-", SUMPRODUCT(('Matriz Criterios'!$H$7:$S$7="X")*ISNUMBER('Registro Notas'!$D17:$O17)*'Registro Notas'!$D17:$O17)/SUMPRODUCT(('Matriz Criterios'!$H$7:$S$7="X")*ISNUMBER('Registro Notas'!$D17:$O17))) | E17: =IF(SUMPRODUCT(('Matriz Criterios'!$H$8:$S$8="X")*ISNUMBER('Registro Notas'!$D17:$O17))=0, "-", SUMPRODUCT(('Matriz Criterios'!$H$8:$S$8="X")*ISNUMBER('Registro Notas'!$D17:$O17)*'Registro Notas'!$D17:$O17)/SUMPRODUCT(('Matriz Criterios'!$H$8:$S$8="X")*ISNUMBER('Registro Notas'!$D17:$O17))) | F17: =IF(SUMPRODUCT(('Matriz Criterios'!$H$9:$S$9="X")*ISNUMBER('Registro Notas'!$D17:$O17))=0, "-", SUMPRODUCT(('Matriz Criterios'!$H$9:$S$9="X")*ISNUMBER('Registro Notas'!$D17:$O17)*'Registro Notas'!$D17:$O17)/SUMPRODUCT(('Matriz Criterios'!$H$9:$S$9="X")*ISNUMBER('Registro Notas'!$D17:$O17))) | G17: =IF(SUMPRODUCT(('Matriz Criterios'!$H$10:$S$10="X")*ISNUMBER('Registro Notas'!$D17:$O17))=0, "-", SUMPRODUCT(('Matriz Criterios'!$H$10:$S$10="X")*ISNUMBER('Registro Notas'!$D17:$O17)*'Registro Notas'!$D17:$O17)/SUMPRODUCT(('Matriz Criterios'!$H$10:$S$10="X")*ISNUMBER('Registro Notas'!$D17:$O17))) | H17: =IF(SUMPRODUCT(('Matriz Criterios'!$H$11:$S$11="X")*ISNUMBER('Registro Notas'!$D17:$O17))=0, "-", SUMPRODUCT(('Matriz Criterios'!$H$11:$S$11="X")*ISNUMBER('Registro Notas'!$D17:$O17)*'Registro Notas'!$D17:$O17)/SUMPRODUCT(('Matriz Criterios'!$H$11:$S$11="X")*ISNUMBER('Registro Notas'!$D17:$O17))) | I17: =IF(SUMPRODUCT(('Matriz Criterios'!$H$12:$S$12="X")*ISNUMBER('Registro Notas'!$D17:$O17))=0, "-", SUMPRODUCT(('Matriz Criterios'!$H$12:$S$12="X")*ISNUMBER('Registro Notas'!$D17:$O17)*'Registro Notas'!$D17:$O17)/SUMPRODUCT(('Matriz Criterios'!$H$12:$S$12="X")*ISNUMBER('Registro Notas'!$D17:$O17))) | J17: =IF(SUMPRODUCT(('Matriz Criterios'!$H$13:$S$13="X")*ISNUMBER('Registro Notas'!$D17:$O17))=0, "-", SUMPRODUCT(('Matriz Criterios'!$H$13:$S$13="X")*ISNUMBER('Registro Notas'!$D17:$O17)*'Registro Notas'!$D17:$O17)/SUMPRODUCT(('Matriz Criterios'!$H$13:$S$13="X")*ISNUMBER('Registro Notas'!$D17:$O17))) | K17: =IF(SUMPRODUCT(('Matriz Criterios'!$H$14:$S$14="X")*ISNUMBER('Registro Notas'!$D17:$O17))=0, "-", SUMPRODUCT(('Matriz Criterios'!$H$14:$S$14="X")*ISNUMBER('Registro Notas'!$D17:$O17)*'Registro Notas'!$D17:$O17)/SUMPRODUCT(('Matriz Criterios'!$H$14:$S$14="X")*ISNUMBER('Registro Notas'!$D17:$O17))) | L17: =IF(SUMPRODUCT(('Matriz Criterios'!$H$15:$S$15="X")*ISNUMBER('Registro Notas'!$D17:$O17))=0, "-", SUMPRODUCT(('Matriz Criterios'!$H$15:$S$15="X")*ISNUMBER('Registro Notas'!$D17:$O17)*'Registro Notas'!$D17:$O17)/SUMPRODUCT(('Matriz Criterios'!$H$15:$S$15="X")*ISNUMBER('Registro Notas'!$D17:$O17))) | M17: =IF(SUMPRODUCT(('Matriz Criterios'!$H$16:$S$16="X")*ISNUMBER('Registro Notas'!$D17:$O17))=0, "-", SUMPRODUCT(('Matriz Criterios'!$H$16:$S$16="X")*ISNUMBER('Registro Notas'!$D17:$O17)*'Registro Notas'!$D17:$O17)/SUMPRODUCT(('Matriz Criterios'!$H$16:$S$16="X")*ISNUMBER('Registro Notas'!$D17:$O17))) | N17: =IF(SUMPRODUCT(('Matriz Criterios'!$H$17:$S$17="X")*ISNUMBER('Registro Notas'!$D17:$O17))=0, "-", SUMPRODUCT(('Matriz Criterios'!$H$17:$S$17="X")*ISNUMBER('Registro Notas'!$D17:$O17)*'Registro Notas'!$D17:$O17)/SUMPRODUCT(('Matriz Criterios'!$H$17:$S$17="X")*ISNUMBER('Registro Notas'!$D17:$O17))) | O17: =IF(SUMPRODUCT(('Matriz Criterios'!$H$18:$S$18="X")*ISNUMBER('Registro Notas'!$D17:$O17))=0, "-", SUMPRODUCT(('Matriz Criterios'!$H$18:$S$18="X")*ISNUMBER('Registro Notas'!$D17:$O17)*'Registro Notas'!$D17:$O17)/SUMPRODUCT(('Matriz Criterios'!$H$18:$S$18="X")*ISNUMBER('Registro Notas'!$D17:$O17))) | P17: =IF(SUMPRODUCT(('Matriz Criterios'!$H$19:$S$19="X")*ISNUMBER('Registro Notas'!$D17:$O17))=0, "-", SUMPRODUCT(('Matriz Criterios'!$H$19:$S$19="X")*ISNUMBER('Registro Notas'!$D17:$O17)*'Registro Notas'!$D17:$O17)/SUMPRODUCT(('Matriz Criterios'!$H$19:$S$19="X")*ISNUMBER('Registro Notas'!$D17:$O17))) | Q17: =IF(SUMPRODUCT(('Matriz Criterios'!$H$20:$S$20="X")*ISNUMBER('Registro Notas'!$D17:$O17))=0, "-", SUMPRODUCT(('Matriz Criterios'!$H$20:$S$20="X")*ISNUMBER('Registro Notas'!$D17:$O17)*'Registro Notas'!$D17:$O17)/SUMPRODUCT(('Matriz Criterios'!$H$20:$S$20="X")*ISNUMBER('Registro Notas'!$D17:$O17))) | R17: =IF(SUMPRODUCT(('Matriz Criterios'!$H$21:$S$21="X")*ISNUMBER('Registro Notas'!$D17:$O17))=0, "-", SUMPRODUCT(('Matriz Criterios'!$H$21:$S$21="X")*ISNUMBER('Registro Notas'!$D17:$O17)*'Registro Notas'!$D17:$O17)/SUMPRODUCT(('Matriz Criterios'!$H$21:$S$21="X")*ISNUMBER('Registro Notas'!$D17:$O17))) | S17: =IF(SUMPRODUCT(('Matriz Criterios'!$H$22:$S$22="X")*ISNUMBER('Registro Notas'!$D17:$O17))=0, "-", SUMPRODUCT(('Matriz Criterios'!$H$22:$S$22="X")*ISNUMBER('Registro Notas'!$D17:$O17)*'Registro Notas'!$D17:$O17)/SUMPRODUCT(('Matriz Criterios'!$H$22:$S$22="X")*ISNUMBER('Registro Notas'!$D17:$O17))) | T17: =IF(SUMPRODUCT(('Matriz Criterios'!$H$23:$S$23="X")*ISNUMBER('Registro Notas'!$D17:$O17))=0, "-", SUMPRODUCT(('Matriz Criterios'!$H$23:$S$23="X")*ISNUMBER('Registro Notas'!$D17:$O17)*'Registro Notas'!$D17:$O17)/SUMPRODUCT(('Matriz Criterios'!$H$23:$S$23="X")*ISNUMBER('Registro Notas'!$D17:$O17))) | U17: =IF(SUMPRODUCT(('Matriz Criterios'!$H$24:$S$24="X")*ISNUMBER('Registro Notas'!$D17:$O17))=0, "-", SUMPRODUCT(('Matriz Criterios'!$H$24:$S$24="X")*ISNUMBER('Registro Notas'!$D17:$O17)*'Registro Notas'!$D17:$O17)/SUMPRODUCT(('Matriz Criterios'!$H$24:$S$24="X")*ISNUMBER('Registro Notas'!$D17:$O17))) | V17: =IF(SUMPRODUCT(('Matriz Criterios'!$H$25:$S$25="X")*ISNUMBER('Registro Notas'!$D17:$O17))=0, "-", SUMPRODUCT(('Matriz Criterios'!$H$25:$S$25="X")*ISNUMBER('Registro Notas'!$D17:$O17)*'Registro Notas'!$D17:$O17)/SUMPRODUCT(('Matriz Criterios'!$H$25:$S$25="X")*ISNUMBER('Registro Notas'!$D17:$O17))) | W17: =IF(SUMPRODUCT(('Matriz Criterios'!$H$26:$S$26="X")*ISNUMBER('Registro Notas'!$D17:$O17))=0, "-", SUMPRODUCT(('Matriz Criterios'!$H$26:$S$26="X")*ISNUMBER('Registro Notas'!$D17:$O17)*'Registro Notas'!$D17:$O17)/SUMPRODUCT(('Matriz Criterios'!$H$26:$S$26="X")*ISNUMBER('Registro Notas'!$D17:$O17))) | X17: =IF(SUMPRODUCT(('Matriz Criterios'!$H$27:$S$27="X")*ISNUMBER('Registro Notas'!$D17:$O17))=0, "-", SUMPRODUCT(('Matriz Criterios'!$H$27:$S$27="X")*ISNUMBER('Registro Notas'!$D17:$O17)*'Registro Notas'!$D17:$O17)/SUMPRODUCT(('Matriz Criterios'!$H$27:$S$27="X")*ISNUMBER('Registro Notas'!$D17:$O17))) | Y17: =IF(SUMPRODUCT(('Matriz Criterios'!$H$28:$S$28="X")*ISNUMBER('Registro Notas'!$D17:$O17))=0, "-", SUMPRODUCT(('Matriz Criterios'!$H$28:$S$28="X")*ISNUMBER('Registro Notas'!$D17:$O17)*'Registro Notas'!$D17:$O17)/SUMPRODUCT(('Matriz Criterios'!$H$28:$S$28="X")*ISNUMBER('Registro Notas'!$D17:$O17))) | Z17: =IF(SUMPRODUCT(('Matriz Criterios'!$H$29:$S$29="X")*ISNUMBER('Registro Notas'!$D17:$O17))=0, "-", SUMPRODUCT(('Matriz Criterios'!$H$29:$S$29="X")*ISNUMBER('Registro Notas'!$D17:$O17)*'Registro Notas'!$D17:$O17)/SUMPRODUCT(('Matriz Criterios'!$H$29:$S$29="X")*ISNUMBER('Registro Notas'!$D17:$O17))) | AA17: =IF(SUMPRODUCT(('Matriz Criterios'!$H$30:$S$30="X")*ISNUMBER('Registro Notas'!$D17:$O17))=0, "-", SUMPRODUCT(('Matriz Criterios'!$H$30:$S$30="X")*ISNUMBER('Registro Notas'!$D17:$O17)*'Registro Notas'!$D17:$O17)/SUMPRODUCT(('Matriz Criterios'!$H$30:$S$30="X")*ISNUMBER('Registro Notas'!$D17:$O17))) | AB17: =IF(SUMPRODUCT(('Matriz Criterios'!$H$31:$S$31="X")*ISNUMBER('Registro Notas'!$D17:$O17))=0, "-", SUMPRODUCT(('Matriz Criterios'!$H$31:$S$31="X")*ISNUMBER('Registro Notas'!$D17:$O17)*'Registro Notas'!$D17:$O17)/SUMPRODUCT(('Matriz Criterios'!$H$31:$S$31="X")*ISNUMBER('Registro Notas'!$D17:$O17))) | AC17: =IF(SUMPRODUCT(('Matriz Criterios'!$H$32:$S$32="X")*ISNUMBER('Registro Notas'!$D17:$O17))=0, "-", SUMPRODUCT(('Matriz Criterios'!$H$32:$S$32="X")*ISNUMBER('Registro Notas'!$D17:$O17)*'Registro Notas'!$D17:$O17)/SUMPRODUCT(('Matriz Criterios'!$H$32:$S$32="X")*ISNUMBER('Registro Notas'!$D17:$O17))) | AD17: =IF(SUMPRODUCT(('Matriz Criterios'!$H$33:$S$33="X")*ISNUMBER('Registro Notas'!$D17:$O17))=0, "-", SUMPRODUCT(('Matriz Criterios'!$H$33:$S$33="X")*ISNUMBER('Registro Notas'!$D17:$O17)*'Registro Notas'!$D17:$O17)/SUMPRODUCT(('Matriz Criterios'!$H$33:$S$33="X")*ISNUMBER('Registro Notas'!$D17:$O17))) | AE17: =IF(SUMPRODUCT(('Matriz Criterios'!$H$34:$S$34="X")*ISNUMBER('Registro Notas'!$D17:$O17))=0, "-", SUMPRODUCT(('Matriz Criterios'!$H$34:$S$34="X")*ISNUMBER('Registro Notas'!$D17:$O17)*'Registro Notas'!$D17:$O17)/SUMPRODUCT(('Matriz Criterios'!$H$34:$S$34="X")*ISNUMBER('Registro Notas'!$D17:$O17))) | AF17: =IF(SUMPRODUCT(('Matriz Criterios'!$H$35:$S$35="X")*ISNUMBER('Registro Notas'!$D17:$O17))=0, "-", SUMPRODUCT(('Matriz Criterios'!$H$35:$S$35="X")*ISNUMBER('Registro Notas'!$D17:$O17)*'Registro Notas'!$D17:$O17)/SUMPRODUCT(('Matriz Criterios'!$H$35:$S$35="X")*ISNUMBER('Registro Notas'!$D17:$O17))) | AG17: =IF(SUMPRODUCT(('Matriz Criterios'!$H$36:$S$36="X")*ISNUMBER('Registro Notas'!$D17:$O17))=0, "-", SUMPRODUCT(('Matriz Criterios'!$H$36:$S$36="X")*ISNUMBER('Registro Notas'!$D17:$O17)*'Registro Notas'!$D17:$O17)/SUMPRODUCT(('Matriz Criterios'!$H$36:$S$36="X")*ISNUMBER('Registro Notas'!$D17:$O17))) | AH17: =IF(SUMPRODUCT(('Matriz Criterios'!$H$37:$S$37="X")*ISNUMBER('Registro Notas'!$D17:$O17))=0, "-", SUMPRODUCT(('Matriz Criterios'!$H$37:$S$37="X")*ISNUMBER('Registro Notas'!$D17:$O17)*'Registro Notas'!$D17:$O17)/SUMPRODUCT(('Matriz Criterios'!$H$37:$S$37="X")*ISNUMBER('Registro Notas'!$D17:$O17))) | AI17: =IF(SUMPRODUCT(('Matriz Criterios'!$H$38:$S$38="X")*ISNUMBER('Registro Notas'!$D17:$O17))=0, "-", SUMPRODUCT(('Matriz Criterios'!$H$38:$S$38="X")*ISNUMBER('Registro Notas'!$D17:$O17)*'Registro Notas'!$D17:$O17)/SUMPRODUCT(('Matriz Criterios'!$H$38:$S$38="X")*ISNUMBER('Registro Notas'!$D17:$O17))) | AJ17: =IF(SUMPRODUCT(('Matriz Criterios'!$H$39:$S$39="X")*ISNUMBER('Registro Notas'!$D17:$O17))=0, "-", SUMPRODUCT(('Matriz Criterios'!$H$39:$S$39="X")*ISNUMBER('Registro Notas'!$D17:$O17)*'Registro Notas'!$D17:$O17)/SUMPRODUCT(('Matriz Criterios'!$H$39:$S$39="X")*ISNUMBER('Registro Notas'!$D17:$O17))) | AK17: =AVERAGE(C17:AJ17) | AL17: =COUNTIF(C17:AJ17, ">=5")
... A20: 15 | B20: Torres Lozano, Irene | C20: =IF(SUMPRODUCT(('Matriz Criterios'!$H$6:$S$6="X")*ISNUMBER('Registro Notas'!$D20:$O20))=0, "-", SUMPRODUCT(('Matriz Criterios'!$H$6:$S$6="X")*ISNUMBER('Registro Notas'!$D20:$O20)*'Registro Notas'!$D20:$O20)/SUMPRODUCT(('Matriz Criterios'!$H$6:$S$6="X")*ISNUMBER('Registro Notas'!$D20:$O20))) | D20: =IF(SUMPRODUCT(('Matriz Criterios'!$H$7:$S$7="X")*ISNUMBER('Registro Notas'!$D20:$O20))=0, "-", SUMPRODUCT(('Matriz Criterios'!$H$7:$S$7="X")*ISNUMBER('Registro Notas'!$D20:$O20)*'Registro Notas'!$D20:$O20)/SUMPRODUCT(('Matriz Criterios'!$H$7:$S$7="X")*ISNUMBER('Registro Notas'!$D20:$O20))) | E20: =IF(SUMPRODUCT(('Matriz Criterios'!$H$8:$S$8="X")*ISNUMBER('Registro Notas'!$D20:$O20))=0, "-", SUMPRODUCT(('Matriz Criterios'!$H$8:$S$8="X")*ISNUMBER('Registro Notas'!$D20:$O20)*'Registro Notas'!$D20:$O20)/SUMPRODUCT(('Matriz Criterios'!$H$8:$S$8="X")*ISNUMBER('Registro Notas'!$D20:$O20))) | F20: =IF(SUMPRODUCT(('Matriz Criterios'!$H$9:$S$9="X")*ISNUMBER('Registro Notas'!$D20:$O20))=0, "-", SUMPRODUCT(('Matriz Criterios'!$H$9:$S$9="X")*ISNUMBER('Registro Notas'!$D20:$O20)*'Registro Notas'!$D20:$O20)/SUMPRODUCT(('Matriz Criterios'!$H$9:$S$9="X")*ISNUMBER('Registro Notas'!$D20:$O20))) | G20: =IF(SUMPRODUCT(('Matriz Criterios'!$H$10:$S$10="X")*ISNUMBER('Registro Notas'!$D20:$O20))=0, "-", SUMPRODUCT(('Matriz Criterios'!$H$10:$S$10="X")*ISNUMBER('Registro Notas'!$D20:$O20)*'Registro Notas'!$D20:$O20)/SUMPRODUCT(('Matriz Criterios'!$H$10:$S$10="X")*ISNUMBER('Registro Notas'!$D20:$O20))) | H20: =IF(SUMPRODUCT(('Matriz Criterios'!$H$11:$S$11="X")*ISNUMBER('Registro Notas'!$D20:$O20))=0, "-", SUMPRODUCT(('Matriz Criterios'!$H$11:$S$11="X")*ISNUMBER('Registro Notas'!$D20:$O20)*'Registro Notas'!$D20:$O20)/SUMPRODUCT(('Matriz Criterios'!$H$11:$S$11="X")*ISNUMBER('Registro Notas'!$D20:$O20))) | I20: =IF(SUMPRODUCT(('Matriz Criterios'!$H$12:$S$12="X")*ISNUMBER('Registro Notas'!$D20:$O20))=0, "-", SUMPRODUCT(('Matriz Criterios'!$H$12:$S$12="X")*ISNUMBER('Registro Notas'!$D20:$O20)*'Registro Notas'!$D20:$O20)/SUMPRODUCT(('Matriz Criterios'!$H$12:$S$12="X")*ISNUMBER('Registro Notas'!$D20:$O20))) | J20: =IF(SUMPRODUCT(('Matriz Criterios'!$H$13:$S$13="X")*ISNUMBER('Registro Notas'!$D20:$O20))=0, "-", SUMPRODUCT(('Matriz Criterios'!$H$13:$S$13="X")*ISNUMBER('Registro Notas'!$D20:$O20)*'Registro Notas'!$D20:$O20)/SUMPRODUCT(('Matriz Criterios'!$H$13:$S$13="X")*ISNUMBER('Registro Notas'!$D20:$O20))) | K20: =IF(SUMPRODUCT(('Matriz Criterios'!$H$14:$S$14="X")*ISNUMBER('Registro Notas'!$D20:$O20))=0, "-", SUMPRODUCT(('Matriz Criterios'!$H$14:$S$14="X")*ISNUMBER('Registro Notas'!$D20:$O20)*'Registro Notas'!$D20:$O20)/SUMPRODUCT(('Matriz Criterios'!$H$14:$S$14="X")*ISNUMBER('Registro Notas'!$D20:$O20))) | L20: =IF(SUMPRODUCT(('Matriz Criterios'!$H$15:$S$15="X")*ISNUMBER('Registro Notas'!$D20:$O20))=0, "-", SUMPRODUCT(('Matriz Criterios'!$H$15:$S$15="X")*ISNUMBER('Registro Notas'!$D20:$O20)*'Registro Notas'!$D20:$O20)/SUMPRODUCT(('Matriz Criterios'!$H$15:$S$15="X")*ISNUMBER('Registro Notas'!$D20:$O20))) | M20: =IF(SUMPRODUCT(('Matriz Criterios'!$H$16:$S$16="X")*ISNUMBER('Registro Notas'!$D20:$O20))=0, "-", SUMPRODUCT(('Matriz Criterios'!$H$16:$S$16="X")*ISNUMBER('Registro Notas'!$D20:$O20)*'Registro Notas'!$D20:$O20)/SUMPRODUCT(('Matriz Criterios'!$H$16:$S$16="X")*ISNUMBER('Registro Notas'!$D20:$O20))) | N20: =IF(SUMPRODUCT(('Matriz Criterios'!$H$17:$S$17="X")*ISNUMBER('Registro Notas'!$D20:$O20))=0, "-", SUMPRODUCT(('Matriz Criterios'!$H$17:$S$17="X")*ISNUMBER('Registro Notas'!$D20:$O20)*'Registro Notas'!$D20:$O20)/SUMPRODUCT(('Matriz Criterios'!$H$17:$S$17="X")*ISNUMBER('Registro Notas'!$D20:$O20))) | O20: =IF(SUMPRODUCT(('Matriz Criterios'!$H$18:$S$18="X")*ISNUMBER('Registro Notas'!$D20:$O20))=0, "-", SUMPRODUCT(('Matriz Criterios'!$H$18:$S$18="X")*ISNUMBER('Registro Notas'!$D20:$O20)*'Registro Notas'!$D20:$O20)/SUMPRODUCT(('Matriz Criterios'!$H$18:$S$18="X")*ISNUMBER('Registro Notas'!$D20:$O20))) | P20: =IF(SUMPRODUCT(('Matriz Criterios'!$H$19:$S$19="X")*ISNUMBER('Registro Notas'!$D20:$O20))=0, "-", SUMPRODUCT(('Matriz Criterios'!$H$19:$S$19="X")*ISNUMBER('Registro Notas'!$D20:$O20)*'Registro Notas'!$D20:$O20)/SUMPRODUCT(('Matriz Criterios'!$H$19:$S$19="X")*ISNUMBER('Registro Notas'!$D20:$O20))) | Q20: =IF(SUMPRODUCT(('Matriz Criterios'!$H$20:$S$20="X")*ISNUMBER('Registro Notas'!$D20:$O20))=0, "-", SUMPRODUCT(('Matriz Criterios'!$H$20:$S$20="X")*ISNUMBER('Registro Notas'!$D20:$O20)*'Registro Notas'!$D20:$O20)/SUMPRODUCT(('Matriz Criterios'!$H$20:$S$20="X")*ISNUMBER('Registro Notas'!$D20:$O20))) | R20: =IF(SUMPRODUCT(('Matriz Criterios'!$H$21:$S$21="X")*ISNUMBER('Registro Notas'!$D20:$O20))=0, "-", SUMPRODUCT(('Matriz Criterios'!$H$21:$S$21="X")*ISNUMBER('Registro Notas'!$D20:$O20)*'Registro Notas'!$D20:$O20)/SUMPRODUCT(('Matriz Criterios'!$H$21:$S$21="X")*ISNUMBER('Registro Notas'!$D20:$O20))) | S20: =IF(SUMPRODUCT(('Matriz Criterios'!$H$22:$S$22="X")*ISNUMBER('Registro Notas'!$D20:$O20))=0, "-", SUMPRODUCT(('Matriz Criterios'!$H$22:$S$22="X")*ISNUMBER('Registro Notas'!$D20:$O20)*'Registro Notas'!$D20:$O20)/SUMPRODUCT(('Matriz Criterios'!$H$22:$S$22="X")*ISNUMBER('Registro Notas'!$D20:$O20))) | T20: =IF(SUMPRODUCT(('Matriz Criterios'!$H$23:$S$23="X")*ISNUMBER('Registro Notas'!$D20:$O20))=0, "-", SUMPRODUCT(('Matriz Criterios'!$H$23:$S$23="X")*ISNUMBER('Registro Notas'!$D20:$O20)*'Registro Notas'!$D20:$O20)/SUMPRODUCT(('Matriz Criterios'!$H$23:$S$23="X")*ISNUMBER('Registro Notas'!$D20:$O20))) | U20: =IF(SUMPRODUCT(('Matriz Criterios'!$H$24:$S$24="X")*ISNUMBER('Registro Notas'!$D20:$O20))=0, "-", SUMPRODUCT(('Matriz Criterios'!$H$24:$S$24="X")*ISNUMBER('Registro Notas'!$D20:$O20)*'Registro Notas'!$D20:$O20)/SUMPRODUCT(('Matriz Criterios'!$H$24:$S$24="X")*ISNUMBER('Registro Notas'!$D20:$O20))) | V20: =IF(SUMPRODUCT(('Matriz Criterios'!$H$25:$S$25="X")*ISNUMBER('Registro Notas'!$D20:$O20))=0, "-", SUMPRODUCT(('Matriz Criterios'!$H$25:$S$25="X")*ISNUMBER('Registro Notas'!$D20:$O20)*'Registro Notas'!$D20:$O20)/SUMPRODUCT(('Matriz Criterios'!$H$25:$S$25="X")*ISNUMBER('Registro Notas'!$D20:$O20))) | W20: =IF(SUMPRODUCT(('Matriz Criterios'!$H$26:$S$26="X")*ISNUMBER('Registro Notas'!$D20:$O20))=0, "-", SUMPRODUCT(('Matriz Criterios'!$H$26:$S$26="X")*ISNUMBER('Registro Notas'!$D20:$O20)*'Registro Notas'!$D20:$O20)/SUMPRODUCT(('Matriz Criterios'!$H$26:$S$26="X")*ISNUMBER('Registro Notas'!$D20:$O20))) | X20: =IF(SUMPRODUCT(('Matriz Criterios'!$H$27:$S$27="X")*ISNUMBER('Registro Notas'!$D20:$O20))=0, "-", SUMPRODUCT(('Matriz Criterios'!$H$27:$S$27="X")*ISNUMBER('Registro Notas'!$D20:$O20)*'Registro Notas'!$D20:$O20)/SUMPRODUCT(('Matriz Criterios'!$H$27:$S$27="X")*ISNUMBER('Registro Notas'!$D20:$O20))) | Y20: =IF(SUMPRODUCT(('Matriz Criterios'!$H$28:$S$28="X")*ISNUMBER('Registro Notas'!$D20:$O20))=0, "-", SUMPRODUCT(('Matriz Criterios'!$H$28:$S$28="X")*ISNUMBER('Registro Notas'!$D20:$O20)*'Registro Notas'!$D20:$O20)/SUMPRODUCT(('Matriz Criterios'!$H$28:$S$28="X")*ISNUMBER('Registro Notas'!$D20:$O20))) | Z20: =IF(SUMPRODUCT(('Matriz Criterios'!$H$29:$S$29="X")*ISNUMBER('Registro Notas'!$D20:$O20))=0, "-", SUMPRODUCT(('Matriz Criterios'!$H$29:$S$29="X")*ISNUMBER('Registro Notas'!$D20:$O20)*'Registro Notas'!$D20:$O20)/SUMPRODUCT(('Matriz Criterios'!$H$29:$S$29="X")*ISNUMBER('Registro Notas'!$D20:$O20))) | AA20: =IF(SUMPRODUCT(('Matriz Criterios'!$H$30:$S$30="X")*ISNUMBER('Registro Notas'!$D20:$O20))=0, "-", SUMPRODUCT(('Matriz Criterios'!$H$30:$S$30="X")*ISNUMBER('Registro Notas'!$D20:$O20)*'Registro Notas'!$D20:$O20)/SUMPRODUCT(('Matriz Criterios'!$H$30:$S$30="X")*ISNUMBER('Registro Notas'!$D20:$O20))) | AB20: =IF(SUMPRODUCT(('Matriz Criterios'!$H$31:$S$31="X")*ISNUMBER('Registro Notas'!$D20:$O20))=0, "-", SUMPRODUCT(('Matriz Criterios'!$H$31:$S$31="X")*ISNUMBER('Registro Notas'!$D20:$O20)*'Registro Notas'!$D20:$O20)/SUMPRODUCT(('Matriz Criterios'!$H$31:$S$31="X")*ISNUMBER('Registro Notas'!$D20:$O20))) | AC20: =IF(SUMPRODUCT(('Matriz Criterios'!$H$32:$S$32="X")*ISNUMBER('Registro Notas'!$D20:$O20))=0, "-", SUMPRODUCT(('Matriz Criterios'!$H$32:$S$32="X")*ISNUMBER('Registro Notas'!$D20:$O20)*'Registro Notas'!$D20:$O20)/SUMPRODUCT(('Matriz Criterios'!$H$32:$S$32="X")*ISNUMBER('Registro Notas'!$D20:$O20))) | AD20: =IF(SUMPRODUCT(('Matriz Criterios'!$H$33:$S$33="X")*ISNUMBER('Registro Notas'!$D20:$O20))=0, "-", SUMPRODUCT(('Matriz Criterios'!$H$33:$S$33="X")*ISNUMBER('Registro Notas'!$D20:$O20)*'Registro Notas'!$D20:$O20)/SUMPRODUCT(('Matriz Criterios'!$H$33:$S$33="X")*ISNUMBER('Registro Notas'!$D20:$O20))) | AE20: =IF(SUMPRODUCT(('Matriz Criterios'!$H$34:$S$34="X")*ISNUMBER('Registro Notas'!$D20:$O20))=0, "-", SUMPRODUCT(('Matriz Criterios'!$H$34:$S$34="X")*ISNUMBER('Registro Notas'!$D20:$O20)*'Registro Notas'!$D20:$O20)/SUMPRODUCT(('Matriz Criterios'!$H$34:$S$34="X")*ISNUMBER('Registro Notas'!$D20:$O20))) | AF20: =IF(SUMPRODUCT(('Matriz Criterios'!$H$35:$S$35="X")*ISNUMBER('Registro Notas'!$D20:$O20))=0, "-", SUMPRODUCT(('Matriz Criterios'!$H$35:$S$35="X")*ISNUMBER('Registro Notas'!$D20:$O20)*'Registro Notas'!$D20:$O20)/SUMPRODUCT(('Matriz Criterios'!$H$35:$S$35="X")*ISNUMBER('Registro Notas'!$D20:$O20))) | AG20: =IF(SUMPRODUCT(('Matriz Criterios'!$H$36:$S$36="X")*ISNUMBER('Registro Notas'!$D20:$O20))=0, "-", SUMPRODUCT(('Matriz Criterios'!$H$36:$S$36="X")*ISNUMBER('Registro Notas'!$D20:$O20)*'Registro Notas'!$D20:$O20)/SUMPRODUCT(('Matriz Criterios'!$H$36:$S$36="X")*ISNUMBER('Registro Notas'!$D20:$O20))) | AH20: =IF(SUMPRODUCT(('Matriz Criterios'!$H$37:$S$37="X")*ISNUMBER('Registro Notas'!$D20:$O20))=0, "-", SUMPRODUCT(('Matriz Criterios'!$H$37:$S$37="X")*ISNUMBER('Registro Notas'!$D20:$O20)*'Registro Notas'!$D20:$O20)/SUMPRODUCT(('Matriz Criterios'!$H$37:$S$37="X")*ISNUMBER('Registro Notas'!$D20:$O20))) | AI20: =IF(SUMPRODUCT(('Matriz Criterios'!$H$38:$S$38="X")*ISNUMBER('Registro Notas'!$D20:$O20))=0, "-", SUMPRODUCT(('Matriz Criterios'!$H$38:$S$38="X")*ISNUMBER('Registro Notas'!$D20:$O20)*'Registro Notas'!$D20:$O20)/SUMPRODUCT(('Matriz Criterios'!$H$38:$S$38="X")*ISNUMBER('Registro Notas'!$D20:$O20))) | AJ20: =IF(SUMPRODUCT(('Matriz Criterios'!$H$39:$S$39="X")*ISNUMBER('Registro Notas'!$D20:$O20))=0, "-", SUMPRODUCT(('Matriz Criterios'!$H$39:$S$39="X")*ISNUMBER('Registro Notas'!$D20:$O20)*'Registro Notas'!$D20:$O20)/SUMPRODUCT(('Matriz Criterios'!$H$39:$S$39="X")*ISNUMBER('Registro Notas'!$D20:$O20))) | AK20: =AVERAGE(C20:AJ20) | AL20: =COUNTIF(C20:AJ20, ">=5")
A21: PROMEDIO DEL GRUPO | C21: =AVERAGE(C6:C20) | D21: =AVERAGE(D6:D20) | E21: =AVERAGE(E6:E20) | F21: =AVERAGE(F6:F20) | G21: =AVERAGE(G6:G20) | H21: =AVERAGE(H6:H20) | I21: =AVERAGE(I6:I20) | J21: =AVERAGE(J6:J20) | ... AL21: =AVERAGE(AL6:AL20)

Sheet Calculo RAs
A1: CALIFICACIÓN POR RESULTADOS DE APRENDIZAJE (RA1 a RA6) — PONDERACIÓN OFICIAL
A2: Cada Resultado de Aprendizaje se obtiene promediando sus Criterios de Evaluación. La Nota Final aplica los pesos oficiales del RD 659/2023.
A4: Nº | B4: Apellidos, Nombre | C4: RA1 (18%) Aspectos ASG & Marcos Internac. | D4: RA2 (15%) Retos Ambientales y Sociales TIC | E4: RA3 (9%) Criterios Personales y Profesionales | F4: RA4 (18%) Economía Circular y Ecodiseño TIC | G4: RA5 (18%) Actividades Sostenibles Green IT & RAEE | H4: RA6 (22%) Plan Sostenibilidad e Informe CSRD/GRI | I4: CALIFICACIÓN FINAL ORDINARIA (100%)
A6: 1 | B6: Álvarez Gómez, Laura | C6: =AVERAGE('Calculo CEs'!C6:H6) | D6: =AVERAGE('Calculo CEs'!I6:M6) | E6: =AVERAGE('Calculo CEs'!N6:P6) | F6: =AVERAGE('Calculo CEs'!Q6:V6) | G6: =AVERAGE('Calculo CEs'!W6:AE6) | H6: =AVERAGE('Calculo CEs'!AF6:AJ6) | I6: =C6*0.18 + D6*0.15 + E6*0.09 + F6*0.18 + G6*0.18 + H6*0.22
A7: 2 | B7: Benítez Romero, Carlos | C7: =AVERAGE('Calculo CEs'!C7:H7) | D7: =AVERAGE('Calculo CEs'!I7:M7) | E7: =AVERAGE('Calculo CEs'!N7:P7) | F7: =AVERAGE('Calculo CEs'!Q7:V7) | G7: =AVERAGE('Calculo CEs'!W7:AE7) | H7: =AVERAGE('Calculo CEs'!AF7:AJ7) | I7: =C7*0.18 + D7*0.15 + E7*0.09 + F7*0.18 + G7*0.18 + H7*0.22
A8: 3 | B8: Castillo Morales, Elena | C8: =AVERAGE('Calculo CEs'!C8:H8) | D8: =AVERAGE('Calculo CEs'!I8:M8) | E8: =AVERAGE('Calculo CEs'!N8:P8) | F8: =AVERAGE('Calculo CEs'!Q8:V8) | G8: =AVERAGE('Calculo CEs'!W8:AE8) | H8: =AVERAGE('Calculo CEs'!AF8:AJ8) | I8: =C8*0.18 + D8*0.15 + E8*0.09 + F8*0.18 + G8*0.18 + H8*0.22
A9: 4 | B9: Delgado Santos, Alejandro | C9: =AVERAGE('Calculo CEs'!C9:H9) | D9: =AVERAGE('Calculo CEs'!I9:M9) | E9: =AVERAGE('Calculo CEs'!N9:P9) | F9: =AVERAGE('Calculo CEs'!Q9:V9) | G9: =AVERAGE('Calculo CEs'!W9:AE9) | H9: =AVERAGE('Calculo CEs'!AF9:AJ9) | I9: =C9*0.18 + D9*0.15 + E9*0.09 + F9*0.18 + G9*0.18 + H9*0.22
A10: 5 | B10: Fernández Navarro, Lucía | C10: =AVERAGE('Calculo CEs'!C10:H10) | D10: =AVERAGE('Calculo CEs'!I10:M10) | E10: =AVERAGE('Calculo CEs'!N10:P10) | F10: =AVERAGE('Calculo CEs'!Q10:V10) | G10: =AVERAGE('Calculo CEs'!W10:AE10) | H10: =AVERAGE('Calculo CEs'!AF10:AJ10) | I10: =C10*0.18 + D10*0.15 + E10*0.09 + F10*0.18 + G10*0.18 + H10*0.22
A11: 6 | B11: García Serrano, David | C11: =AVERAGE('Calculo CEs'!C11:H11) | D11: =AVERAGE('Calculo CEs'!I11:M11) | E11: =AVERAGE('Calculo CEs'!N11:P11) | F11: =AVERAGE('Calculo CEs'!Q11:V11) | G11: =AVERAGE('Calculo CEs'!W11:AE11) | H11: =AVERAGE('Calculo CEs'!AF11:AJ11) | I11: =C11*0.18 + D11*0.15 + E11*0.09 + F11*0.18 + G11*0.18 + H11*0.22
A12: 7 | B12: Herrera Cruz, Marta | C12: =AVERAGE('Calculo CEs'!C12:H12) | D12: =AVERAGE('Calculo CEs'!I12:M12) | E12: =AVERAGE('Calculo CEs'!N12:P12) | F12: =AVERAGE('Calculo CEs'!Q12:V12) | G12: =AVERAGE('Calculo CEs'!W12:AE12) | H12: =AVERAGE('Calculo CEs'!AF12:AJ12) | I12: =C12*0.18 + D12*0.15 + E12*0.09 + F12*0.18 + G12*0.18 + H12*0.22
A13: 8 | B13: Jiménez Ortiz, Pablo | C13: =AVERAGE('Calculo CEs'!C13:H13) | D13: =AVERAGE('Calculo CEs'!I13:M13) | E13: =AVERAGE('Calculo CEs'!N13:P13) | F13: =AVERAGE('Calculo CEs'!Q13:V13) | G13: =AVERAGE('Calculo CEs'!W13:AE13) | H13: =AVERAGE('Calculo CEs'!AF13:AJ13) | I13: =C13*0.18 + D13*0.15 + E13*0.09 + F13*0.18 + G13*0.18 + H13*0.22
A14: 9 | B14: López Molina, Sara | C14: =AVERAGE('Calculo CEs'!C14:H14) | D14: =AVERAGE('Calculo CEs'!I14:M14) | E14: =AVERAGE('Calculo CEs'!N14:P14) | F14: =AVERAGE('Calculo CEs'!Q14:V14) | G14: =AVERAGE('Calculo CEs'!W14:AE14) | H14: =AVERAGE('Calculo CEs'!AF14:AJ14) | I14: =C14*0.18 + D14*0.15 + E14*0.09 + F14*0.18 + G14*0.18 + H14*0.22
A15: 10 | B15: Martín Vega, Javier | C15: =AVERAGE('Calculo CEs'!C15:H15) | D15: =AVERAGE('Calculo CEs'!I15:M15) | E15: =AVERAGE('Calculo CEs'!N15:P15) | F15: =AVERAGE('Calculo CEs'!Q15:V15) | G15: =AVERAGE('Calculo CEs'!W15:AE15) | H15: =AVERAGE('Calculo CEs'!AF15:AJ15) | I15: =C15*0.18 + D15*0.15 + E15*0.09 + F15*0.18 + G15*0.18 + H15*0.22
A16: 11 | B16: Navarro Gil, Ana | C16: =AVERAGE('Calculo CEs'!C16:H16) | D16: =AVERAGE('Calculo CEs'!I16:M16) | E16: =AVERAGE('Calculo CEs'!N16:P16) | F16: =AVERAGE('Calculo CEs'!Q16:V16) | G16: =AVERAGE('Calculo CEs'!W16:AE16) | H16: =AVERAGE('Calculo CEs'!AF16:AJ16) | I16: =C16*0.18 + D16*0.15 + E16*0.09 + F16*0.18 + G16*0.18 + H16*0.22
A17: 12 | B17: Pérez Rubio, Álvaro | C17: =AVERAGE('Calculo CEs'!C17:H17) | D17: =AVERAGE('Calculo CEs'!I17:M17) | E17: =AVERAGE('Calculo CEs'!N17:P17) | F17: =AVERAGE('Calculo CEs'!Q17:V17) | G17: =AVERAGE('Calculo CEs'!W17:AE17) | H17: =AVERAGE('Calculo CEs'!AF17:AJ17) | I17: =C17*0.18 + D17*0.15 + E17*0.09 + F17*0.18 + G17*0.18 + H17*0.22
... A20: 15 | B20: Torres Lozano, Irene | C20: =AVERAGE('Calculo CEs'!C20:H20) | D20: =AVERAGE('Calculo CEs'!I20:M20) | E20: =AVERAGE('Calculo CEs'!N20:P20) | F20: =AVERAGE('Calculo CEs'!Q20:V20) | G20: =AVERAGE('Calculo CEs'!W20:AE20) | H20: =AVERAGE('Calculo CEs'!AF20:AJ20) | I20: =C20*0.18 + D20*0.15 + E20*0.09 + F20*0.18 + G20*0.18 + H20*0.22
A21: PROMEDIO DEL GRUPO | C21: =AVERAGE(C6:C20) | D21: =AVERAGE(D6:D20) | E21: =AVERAGE(E6:E20) | F21: =AVERAGE(F6:F20) | G21: =AVERAGE(G6:G20) | H21: =AVERAGE(H6:H20) | I21: =AVERAGE(I6:I20)

Sheet Panel de Control
A1: PANEL DE CONTROL GENERAL — SOSTENIBILIDAD APLICADA (1º DAW / DAM)
A2: Síntesis Integral: 3 Trimestres (T1, T2, T3), Resultados de Aprendizaje Oficiales (RA1-RA6) y Calificación Ordinaria
B4: ALUMNADO MATRICULADO | E4: APROBADOS EVAL. ORDINARIA | H4: SUSPENSOS EVAL. ORDINARIA | K4: NOTA MEDIA DEL GRUPO | N4: TASA DE ÉXITO ACADÉMICO
B5: =COUNTA(A9:A23) | E5: =COUNTIF(M9:M23, ">=5") | H5: =COUNTIF(M9:M23, "<5") | K5: =AVERAGE(M9:M23) | N5: =E5/B5
A8: Nº | B8: Apellidos, Nombre | C8: 1º Trim (T1) | D8: 2º Trim (T2) | E8: 3º Trim (T3) | F8: RA1 (18%) | G8: RA2 (15%) | H8: RA3 (9%) | I8: RA4 (18%) | J8: RA5 (18%) | K8: RA6 (22%) | L8: Media T1-T3 | M8: Nota Final Ordinaria (Mayo) | N8: Calificación Cualitativa | O8: Estado de Superación
A9: 1 | B9: Álvarez Gómez, Laura | C9: ='Registro Notas'!P6 | D9: ='Registro Notas'!Q6 | E9: ='Registro Notas'!R6 | F9: ='Calculo RAs'!C6 | G9: ='Calculo RAs'!D6 | H9: ='Calculo RAs'!E6 | I9: ='Calculo RAs'!F6 | J9: ='Calculo RAs'!G6 | K9: ='Calculo RAs'!H6 | L9: =AVERAGE(C9, D9, E9) | M9: ='Calculo RAs'!I6 | N9: =IF(M9>=9, "SOBRESALIENTE", IF(M9>=7, "NOTABLE", IF(M9>=6, "BIEN", IF(M9>=5, "SUFICIENTE", "INSUFICIENTE")))) | O9: =IF(M9>=5, "SUPERADO", "PENDIENTE EXTRAORD.")
A10: 2 | B10: Benítez Romero, Carlos | C10: ='Registro Notas'!P7 | D10: ='Registro Notas'!Q7 | E10: ='Registro Notas'!R7 | F10: ='Calculo RAs'!C7 | G10: ='Calculo RAs'!D7 | H10: ='Calculo RAs'!E7 | I10: ='Calculo RAs'!F7 | J10: ='Calculo RAs'!G7 | K10: ='Calculo RAs'!H7 | L10: =AVERAGE(C10, D10, E10) | M10: ='Calculo RAs'!I7 | N10: =IF(M10>=9, "SOBRESALIENTE", IF(M10>=7, "NOTABLE", IF(M10>=6, "BIEN", IF(M10>=5, "SUFICIENTE", "INSUFICIENTE")))) | O10: =IF(M10>=5, "SUPERADO", "PENDIENTE EXTRAORD.")
A11: 3 | B11: Castillo Morales, Elena | C11: ='Registro Notas'!P8 | D11: ='Registro Notas'!Q8 | E11: ='Registro Notas'!R8 | F11: ='Calculo RAs'!C8 | G11: ='Calculo RAs'!D8 | H11: ='Calculo RAs'!E8 | I11: ='Calculo RAs'!F8 | J11: ='Calculo RAs'!G8 | K11: ='Calculo RAs'!H8 | L11: =AVERAGE(C11, D11, E11) | M11: ='Calculo RAs'!I8 | N11: =IF(M11>=9, "SOBRESALIENTE", IF(M11>=7, "NOTABLE", IF(M11>=6, "BIEN", IF(M11>=5, "SUFICIENTE", "INSUFICIENTE")))) | O11: =IF(M11>=5, "SUPERADO", "PENDIENTE EXTRAORD.")
A12: 4 | B12: Delgado Santos, Alejandro | C12: ='Registro Notas'!P9 | D12: ='Registro Notas'!Q9 | E12: ='Registro Notas'!R9 | F12: ='Calculo RAs'!C9 | G12: ='Calculo RAs'!D9 | H12: ='Calculo RAs'!E9 | I12: ='Calculo RAs'!F9 | J12: ='Calculo RAs'!G9 | K12: ='Calculo RAs'!H9 | L12: =AVERAGE(C12, D12, E12) | M12: ='Calculo RAs'!I9 | N12: =IF(M12>=9, "SOBRESALIENTE", IF(M12>=7, "NOTABLE", IF(M12>=6, "BIEN", IF(M12>=5, "SUFICIENTE", "INSUFICIENTE")))) | O12: =IF(M12>=5, "SUPERADO", "PENDIENTE EXTRAORD.")
A13: 5 | B13: Fernández Navarro, Lucía | C13: ='Registro Notas'!P10 | D13: ='Registro Notas'!Q10 | E13: ='Registro Notas'!R10 | F13: ='Calculo RAs'!C10 | G13: ='Calculo RAs'!D10 | H13: ='Calculo RAs'!E10 | I13: ='Calculo RAs'!F10 | J13: ='Calculo RAs'!G10 | K13: ='Calculo RAs'!H10 | L13: =AVERAGE(C13, D13, E13) | M13: ='Calculo RAs'!I10 | N13: =IF(M13>=9, "SOBRESALIENTE", IF(M13>=7, "NOTABLE", IF(M13>=6, "BIEN", IF(M13>=5, "SUFICIENTE", "INSUFICIENTE")))) | O13: =IF(M13>=5, "SUPERADO", "PENDIENTE EXTRAORD.")
A14: 6 | B14: García Serrano, David | C14: ='Registro Notas'!P11 | D14: ='Registro Notas'!Q11 | E14: ='Registro Notas'!R11 | F14: ='Calculo RAs'!C11 | G14: ='Calculo RAs'!D11 | H14: ='Calculo RAs'!E11 | I14: ='Calculo RAs'!F11 | J14: ='Calculo RAs'!G11 | K14: ='Calculo RAs'!H11 | L14: =AVERAGE(C14, D14, E14) | M14: ='Calculo RAs'!I11 | N14: =IF(M14>=9, "SOBRESALIENTE", IF(M14>=7, "NOTABLE", IF(M14>=6, "BIEN", IF(M14>=5, "SUFICIENTE", "INSUFICIENTE")))) | O14: =IF(M14>=5, "SUPERADO", "PENDIENTE EXTRAORD.")
A15: 7 | B15: Herrera Cruz, Marta | C15: ='Registro Notas'!P12 | D15: ='Registro Notas'!Q12 | E15: ='Registro Notas'!R12 | F15: ='Calculo RAs'!C12 | G15: ='Calculo RAs'!D12 | H15: ='Calculo RAs'!E12 | I15: ='Calculo RAs'!F12 | J15: ='Calculo RAs'!G12 | K15: ='Calculo RAs'!H12 | L15: =AVERAGE(C15, D15, E15) | M15: ='Calculo RAs'!I12 | N15: =IF(M15>=9, "SOBRESALIENTE", IF(M15>=7, "NOTABLE", IF(M15>=6, "BIEN", IF(M15>=5, "SUFICIENTE", "INSUFICIENTE")))) | O15: =IF(M15>=5, "SUPERADO", "PENDIENTE EXTRAORD.")
A16: 8 | B16: Jiménez Ortiz, Pablo | C16: ='Registro Notas'!P13 | D16: ='Registro Notas'!Q13 | E16: ='Registro Notas'!R13 | F16: ='Calculo RAs'!C13 | G16: ='Calculo RAs'!D13 | H16: ='Calculo RAs'!E13 | I16: ='Calculo RAs'!F13 | J16: ='Calculo RAs'!G13 | K16: ='Calculo RAs'!H13 | L16: =AVERAGE(C16, D16, E16) | M16: ='Calculo RAs'!I13 | N16: =IF(M16>=9, "SOBRESALIENTE", IF(M16>=7, "NOTABLE", IF(M16>=6, "BIEN", IF(M16>=5, "SUFICIENTE", "INSUFICIENTE")))) | O16: =IF(M16>=5, "SUPERADO", "PENDIENTE EXTRAORD.")
A17: 9 | B17: López Molina, Sara | C17: ='Registro Notas'!P14 | D17: ='Registro Notas'!Q14 | E17: ='Registro Notas'!R14 | F17: ='Calculo RAs'!C14 | G17: ='Calculo RAs'!D14 | H17: ='Calculo RAs'!E14 | I17: ='Calculo RAs'!F14 | J17: ='Calculo RAs'!G14 | K17: ='Calculo RAs'!H14 | L17: =AVERAGE(C17, D17, E17) | M17: ='Calculo RAs'!I14 | N17: =IF(M17>=9, "SOBRESALIENTE", IF(M17>=7, "NOTABLE", IF(M17>=6, "BIEN", IF(M17>=5, "SUFICIENTE", "INSUFICIENTE")))) | O17: =IF(M17>=5, "SUPERADO", "PENDIENTE EXTRAORD.")
A18: 10 | B18: Martín Vega, Javier | C18: ='Registro Notas'!P15 | D18: ='Registro Notas'!Q15 | E18: ='Registro Notas'!R15 | F18: ='Calculo RAs'!C15 | G18: ='Calculo RAs'!D15 | H18: ='Calculo RAs'!E15 | I18: ='Calculo RAs'!F15 | J18: ='Calculo RAs'!G15 | K18: ='Calculo RAs'!H15 | L18: =AVERAGE(C18, D18, E18) | M18: ='Calculo RAs'!I15 | N18: =IF(M18>=9, "SOBRESALIENTE", IF(M18>=7, "NOTABLE", IF(M18>=6, "BIEN", IF(M18>=5, "SUFICIENTE", "INSUFICIENTE")))) | O18: =IF(M18>=5, "SUPERADO", "PENDIENTE EXTRAORD.")
A19: 11 | B19: Navarro Gil, Ana | C19: ='Registro Notas'!P16 | D19: ='Registro Notas'!Q16 | E19: ='Registro Notas'!R16 | F19: ='Calculo RAs'!C16 | G19: ='Calculo RAs'!D16 | H19: ='Calculo RAs'!E16 | I19: ='Calculo RAs'!F16 | J19: ='Calculo RAs'!G16 | K19: ='Calculo RAs'!H16 | L19: =AVERAGE(C19, D19, E19) | M19: ='Calculo RAs'!I16 | N19: =IF(M19>=9, "SOBRESALIENTE", IF(M19>=7, "NOTABLE", IF(M19>=6, "BIEN", IF(M19>=5, "SUFICIENTE", "INSUFICIENTE")))) | O19: =IF(M19>=5, "SUPERADO", "PENDIENTE EXTRAORD.")
A20: 12 | B20: Pérez Rubio, Álvaro | C20: ='Registro Notas'!P17 | D20: ='Registro Notas'!Q17 | E20: ='Registro Notas'!R17 | F20: ='Calculo RAs'!C17 | G20: ='Calculo RAs'!D17 | H20: ='Calculo RAs'!E17 | I20: ='Calculo RAs'!F17 | J20: ='Calculo RAs'!G17 | K20: ='Calculo RAs'!H17 | L20: =AVERAGE(C20, D20, E20) | M20: ='Calculo RAs'!I17 | N20: =IF(M20>=9, "SOBRESALIENTE", IF(M20>=7, "NOTABLE", IF(M20>=6, "BIEN", IF(M20>=5, "SUFICIENTE", "INSUFICIENTE")))) | O20: =IF(M20>=5, "SUPERADO", "PENDIENTE EXTRAORD.")
... A23: 15 | B23: Torres Lozano, Irene | C23: ='Registro Notas'!P20 | D23: ='Registro Notas'!Q20 | E23: ='Registro Notas'!R20 | F23: ='Calculo RAs'!C20 | G23: ='Calculo RAs'!D20 | H23: ='Calculo RAs'!E20 | I23: ='Calculo RAs'!F20 | J23: ='Calculo RAs'!G20 | K23: ='Calculo RAs'!H20 | L23: =AVERAGE(C23, D23, E23) | M23: ='Calculo RAs'!I20 | N23: =IF(M23>=9, "SOBRESALIENTE", IF(M23>=7, "NOTABLE", IF(M23>=6, "BIEN", IF(M23>=5, "SUFICIENTE", "INSUFICIENTE")))) | O23: =IF(M23>=5, "SUPERADO", "PENDIENTE EXTRAORD.")
A24: PROMEDIO DEL GRUPO | C24: =AVERAGE(C9:C23) | D24: =AVERAGE(D9:D23) | E24: =AVERAGE(E9:E23) | F24: =AVERAGE(F9:F23) | G24: =AVERAGE(G9:G23) | H24: =AVERAGE(H9:H23) | I24: =AVERAGE(I9:I23) | J24: =AVERAGE(J9:J23) | ... M24: =AVERAGE(M9:M23)

Sheet Seguimiento y Extraordinaria
A1: SEGUIMIENTO DE TRANSFERENCIA DUAL Y CONVOCATORIA EXTRAORDINARIA (1º DAW / DAM)
A2: Vinculación ASG con la Empresa Colaboradora Dual y Registro de Recuperación en Convocatoria Extraordinaria de Junio
A4: Nº | B4: Apellidos, Nombre | C4: Nota Ordinaria (Mayo) | D4: Empresa TIC Asignada | E4: Tutor/a Laboral | F4: Compromiso ASG Dual (Informe / Caso) | G4: Valoración Dual (Apto / Pendiente) | H4: RAs Pendientes (Extraordinaria) | I4: Nota Convocatoria Extraordinaria (Junio) | J4: Calificación Definitiva Curso Académico
A5: 1 | B5: Álvarez Gómez, Laura | C5: ='Panel de Control'!M9 | D5: EcoSoftware Andalucía | E5: D. Jorge Cazorla | F5: Auditoría RAEE / PUE | G5: =IF(C5>=5, "APTO", "PENDIENTE") | H5: =IF(C5<5, "RA4, RA6", "Ninguno") | J5: =IF(ISBLANK(I5), C5, MAX(C5, I5))
A6: 2 | B6: Benítez Romero, Carlos | C6: ='Panel de Control'!M10 | D6: GreenCloud Solutions S.L. | E6: Ing. Cristina Morales | F6: Auditoría RAEE / PUE | G6: =IF(C6>=5, "APTO", "PENDIENTE") | H6: =IF(C6<5, "RA4, RA6", "Ninguno") | J6: =IF(ISBLANK(I6), C6, MAX(C6, I6))
A7: 3 | B7: Castillo Morales, Elena | C7: ='Panel de Control'!M11 | D7: EcoSoftware Andalucía | E7: D. Jorge Cazorla | F7: Auditoría RAEE / PUE | G7: =IF(C7>=5, "APTO", "PENDIENTE") | H7: =IF(C7<5, "RA4, RA6", "Ninguno") | J7: =IF(ISBLANK(I7), C7, MAX(C7, I7))
A8: 4 | B8: Delgado Santos, Alejandro | C8: ='Panel de Control'!M12 | D8: GreenCloud Solutions S.L. | E8: Ing. Cristina Morales | F8: Auditoría RAEE / PUE | G8: =IF(C8>=5, "APTO", "PENDIENTE") | H8: =IF(C8<5, "RA4, RA6", "Ninguno") | J8: =IF(ISBLANK(I8), C8, MAX(C8, I8))
A9: 5 | B9: Fernández Navarro, Lucía | C9: ='Panel de Control'!M13 | D9: EcoSoftware Andalucía | E9: D. Jorge Cazorla | F9: Auditoría RAEE / PUE | G9: =IF(C9>=5, "APTO", "PENDIENTE") | H9: =IF(C9<5, "RA4, RA6", "Ninguno") | J9: =IF(ISBLANK(I9), C9, MAX(C9, I9))
A10: 6 | B10: García Serrano, David | C10: ='Panel de Control'!M14 | D10: GreenCloud Solutions S.L. | E10: Ing. Cristina Morales | F10: Auditoría RAEE / PUE | G10: =IF(C10>=5, "APTO", "PENDIENTE") | H10: =IF(C10<5, "RA4, RA6", "Ninguno") | J10: =IF(ISBLANK(I10), C10, MAX(C10, I10))
A11: 7 | B11: Herrera Cruz, Marta | C11: ='Panel de Control'!M15 | D11: EcoSoftware Andalucía | E11: D. Jorge Cazorla | F11: Auditoría RAEE / PUE | G11: =IF(C11>=5, "APTO", "PENDIENTE") | H11: =IF(C11<5, "RA4, RA6", "Ninguno") | J11: =IF(ISBLANK(I11), C11, MAX(C11, I11))
A12: 8 | B12: Jiménez Ortiz, Pablo | C12: ='Panel de Control'!M16 | D12: GreenCloud Solutions S.L. | E12: Ing. Cristina Morales | F12: Auditoría RAEE / PUE | G12: =IF(C12>=5, "APTO", "PENDIENTE") | H12: =IF(C12<5, "RA4, RA6", "Ninguno") | J12: =IF(ISBLANK(I12), C12, MAX(C12, I12))
A13: 9 | B13: López Molina, Sara | C13: ='Panel de Control'!M17 | D13: EcoSoftware Andalucía | E13: D. Jorge Cazorla | F13: Auditoría RAEE / PUE | G13: =IF(C13>=5, "APTO", "PENDIENTE") | H13: =IF(C13<5, "RA4, RA6", "Ninguno") | J13: =IF(ISBLANK(I13), C13, MAX(C13, I13))
A14: 10 | B14: Martín Vega, Javier | C14: ='Panel de Control'!M18 | D14: GreenCloud Solutions S.L. | E14: Ing. Cristina Morales | F14: Auditoría RAEE / PUE | G14: =IF(C14>=5, "APTO", "PENDIENTE") | H14: =IF(C14<5, "RA4, RA6", "Ninguno") | J14: =IF(ISBLANK(I14), C14, MAX(C14, I14))
A15: 11 | B15: Navarro Gil, Ana | C15: ='Panel de Control'!M19 | D15: EcoSoftware Andalucía | E15: D. Jorge Cazorla | F15: Auditoría RAEE / PUE | G15: =IF(C15>=5, "APTO", "PENDIENTE") | H15: =IF(C15<5, "RA4, RA6", "Ninguno") | J15: =IF(ISBLANK(I15), C15, MAX(C15, I15))
A16: 12 | B16: Pérez Rubio, Álvaro | C16: ='Panel de Control'!M20 | D16: GreenCloud Solutions S.L. | E16: Ing. Cristina Morales | F16: Auditoría RAEE / PUE | G16: =IF(C16>=5, "APTO", "PENDIENTE") | H16: =IF(C16<5, "RA4, RA6", "Ninguno") | J16: =IF(ISBLANK(I16), C16, MAX(C16, I16))
... A19: 15 | B19: Torres Lozano, Irene | C19: ='Panel de Control'!M23 | D19: EcoSoftware Andalucía | E19: D. Jorge Cazorla | F19: Auditoría RAEE / PUE | G19: =IF(C19>=5, "APTO", "PENDIENTE") | H19: =IF(C19<5, "RA4, RA6", "Ninguno") | J19: =IF(ISBLANK(I19), C19, MAX(C19, I19))

Sheet Guía de Funcionamiento
A1: GUÍA DE USO Y ARQUITECTURA DEL SISTEMA DE EVALUACIÓN — SOSTENIBILIDAD (1º DAW / DAM)
B3: 1. Filosofía y Funcionamiento Dinámico
B4: Esta hoja de cálculo implementa un motor de evaluación competencial bidireccional completamente automatizado para Sostenibilidad: • La 'Matriz Criterios' contiene los 34 Criterios de Evaluación oficiales agrupados en los 6 Resultados de Aprendizaje. • En cualquier momento del curso puedes marcar o desmarcar con una 'X' qué criterios evalúa cada tarea o examen. • En la FILA 41 se calcula automáticamente la SUMA EXACTA DE LOS PESOS de los criterios marcados con 'X' para esa tarea. • En la FILA 42 se calcula el % DE PONDERACIÓN EN EL TRIMESTRE, normalizado a 100% (para que cada boletín de notas trimestral sume 100%). • El motor recalcula en tiempo real las notas individuales de cada criterio, el avance de cada RA y las notas de T1, T2, T3 y final.
B6: 2. Flujo de Trabajo para el Docente
B7: PASO 1: Configurar la Matriz Criterios Revisa las columnas H a S (tareas T01 a T12 repartidas en los 3 trimestres). Coloca una 'X' en la fila del criterio que evalúe dicha tarea. La fila 40 te indica cuántos criterios evalúa cada tarea. La fila 41 calcula dinámicamente la suma directa de los pesos de dichos criterios sobre el total del módulo. La fila 42 rebalancea automáticamente los porcentajes dentro de cada trimestre sumando exactamente el 100%. PASO 2: Introducir Calificaciones en 'Registro Notas' Introduce las notas (0.00 a 10.00) obtenidas por los alumnos en cada tarea (columnas D a O). Las notas de 1º, 2º y 3er Trimestre se calculan automáticamente en las columnas P, Q y R a partir de los pesos derivados de los criterios. PASO 3: Supervisar el 'Panel de Control' Observa las tarjetas de KPIs (Alumnos, Aprobados, Suspensos, Nota Media, Tasa de Éxito) y la tabla consolidada con la calificación oficial y el estado de superación del módulo.
B9: 3. Robustez Matemática (Sin Ceros Prematuros)
B10: La fórmula implementada en cada criterio utiliza la función ISNUMBER combinada con SUMPRODUCT: Solo se promedian aquellas tareas que tienen una 'X' Y QUE ADEMÁS TIENEN NOTA INTRODUCIDA. Esto evita que un alumno aparezca con una nota suspensa en un criterio a principio de curso simplemente porque las tareas de los trimestres posteriores todavía no se han impartido o calificado.
B12: 4. Marco Normativo Integrado
B13: • Ley Orgánica 3/2022 y Real Decreto 659/2023 (Artículo 100 y Anexo VIII: currículo básico de Sostenibilidad 1708). • Real Decreto 500/2024 (Incorporación de Sostenibilidad a los títulos de FP). • Decreto 104/2024 (Ordenación de FP en Andalucía, derogando el Decreto 436/2008). • Orden de 18 de septiembre de 2025 (Evaluación y acreditación del alumnado de FP en Andalucía). • Normativa ASG sectorial: Directiva CSRD (UE 2022/2464), Directiva RAEE (2012/19/UE), Ley 7/2022 de residuos y Ley 3/2023 de Economía Circular de Andalucía (LECA).
